997,https://en.wikipedia.org/wiki/!Ole_Torme!:_Mel_Torme_Goes_South_of_the_Border_with_Billy_May,"Mel Tormé – vocals, drums","Track listingPersonnel","have"
998,https://en.wikipedia.org/wiki/!Ole_Torme!:_Mel_Torme_Goes_South_of_the_Border_with_Billy_May,"Frank Beach – trumpet","Track listingPersonnel","have"
999,https://en.wikipedia.org/wiki/!Ole_Torme!:_Mel_Torme_Goes_South_of_the_Border_with_Billy_May,"Pete Candoli","Track listingPersonnel","have"
1000,https://en.wikipedia.org/wiki/!Ole_Torme!:_Mel_Torme_Goes_South_of_the_Border_with_Billy_May,"Conrad Gozzo","Track listingPersonnel","have"
1001,https://en.wikipedia.org/wiki/!Ole_Torme!:_Mel_Torme_Goes_South_of_the_Border_with_Billy_May,"Manny Klein","Track listingPersonnel","have"
1002,https://en.wikipedia.org/wiki/!Ole_Torme!:_Mel_Torme_Goes_South_of_the_Border_with_Billy_May,"Eddie Kusby – trombone","Track listingPersonnel","have"
1003,https://en.wikipedia.org/wiki/!Ole_Torme!:_Mel_Torme_Goes_South_of_the_Border_with_Billy_May,"Tommy Pederson","Track listingPersonnel","have"
1004,https://en.wikipedia.org/wiki/!Ole_Torme!:_Mel_Torme_Goes_South_of_the_Border_with_Billy_May,"Dave Wells","Track listingPersonnel","have"
1005,https://en.wikipedia.org/wiki/!Ole_Torme!:_Mel_Torme_Goes_South_of_the_Border_with_Billy_May,"Si Zentner","Track listingPersonnel","have"
1006,https://en.wikipedia.org/wiki/!Ole_Torme!:_Mel_Torme_Goes_South_of_the_Border_with_Billy_May,"Gene Cipriano – woodwind","Track listingPersonnel","have"
1007,https://en.wikipedia.org/wiki/!Ole_Torme!:_Mel_Torme_Goes_South_of_the_Border_with_Billy_May,"Chuck Gentry","Track listingPersonnel","have"
1008,https://en.wikipedia.org/wiki/!Ole_Torme!:_Mel_Torme_Goes_South_of_the_Border_with_Billy_May,"Justin Gordon","Track listingPersonnel","have"
1009,https://en.wikipedia.org/wiki/!Ole_Torme!:_Mel_Torme_Goes_South_of_the_Border_with_Billy_May,"Wilbur Schwartz","Track listingPersonnel","have"
1010,https://en.wikipedia.org/wiki/!Ole_Torme!:_Mel_Torme_Goes_South_of_the_Border_with_Billy_May,"Bud Shank","Track listingPersonnel","have"
1011,https://en.wikipedia.org/wiki/!Ole_Torme!:_Mel_Torme_Goes_South_of_the_Border_with_Billy_May,"Red Callender – tuba","Track listingPersonnel","have"
1012,https://en.wikipedia.org/wiki/!Ole_Torme!:_Mel_Torme_Goes_South_of_the_Border_with_Billy_May,"Verlye Mills – harp","Track listingPersonnel","have"
1013,https://en.wikipedia.org/wiki/!Ole_Torme!:_Mel_Torme_Goes_South_of_the_Border_with_Billy_May,"Jimmy Rowles – piano","Track listingPersonnel","have"
1014,https://en.wikipedia.org/wiki/!Ole_Torme!:_Mel_Torme_Goes_South_of_the_Border_with_Billy_May,"Al Pelligrini","Track listingPersonnel","have"
1015,https://en.wikipedia.org/wiki/!Ole_Torme!:_Mel_Torme_Goes_South_of_the_Border_with_Billy_May,"Bob Gibbons – guitar","Track listingPersonnel","have"
1016,https://en.wikipedia.org/wiki/!Ole_Torme!:_Mel_Torme_Goes_South_of_the_Border_with_Billy_May,"Ralph Peña – double bass","Track listingPersonnel","have"
1017,https://en.wikipedia.org/wiki/!Ole_Torme!:_Mel_Torme_Goes_South_of_the_Border_with_Billy_May,"Lou Singer – percussion, drums, marimba","Track listingPersonnel","have"
1018,https://en.wikipedia.org/wiki/!Ole_Torme!:_Mel_Torme_Goes_South_of_the_Border_with_Billy_May,"Alvin Stoller – drums","Track listingPersonnel","have"
1019,https://en.wikipedia.org/wiki/!Ole_Torme!:_Mel_Torme_Goes_South_of_the_Border_with_Billy_May,"Larry Bunker – drums, marimba","Track listingPersonnel","have"
1020,https://en.wikipedia.org/wiki/!Ole_Torme!:_Mel_Torme_Goes_South_of_the_Border_with_Billy_May,"Billy May – arranger, conductor","Track listingPersonnel","have"
1021,https://en.wikipedia.org/wiki/!Ole_Torme!:_Mel_Torme_Goes_South_of_the_Border_with_Billy_May,"Sheldon Marks – art direction","Track listingPersonnel","have"
1022,https://en.wikipedia.org/wiki/!Ole_Torme!:_Mel_Torme_Goes_South_of_the_Border_with_Billy_May,"William Rotsler – cover photo","Track listingPersonnel","have"
1033,https://en.wikipedia.org/wiki/!PAUS3,""Kill Baby" (intro) (Vocals; Daisy Berkowitz)","Digital Release Track List:","have"
1034,https://en.wikipedia.org/wiki/!PAUS3,""White Mountain Due" (Vocals; Justin Symbol)","Digital Release Track List:","have"
1035,https://en.wikipedia.org/wiki/!PAUS3,""Boheiman Rapecity (Kraft Cheese Ditty)" (Vocals; Daisy Berkowitz)","Digital Release Track List:","have"
1036,https://en.wikipedia.org/wiki/!PAUS3,""Let Your Ego Die" (Vocals; Daisy Berkowitz and THEE PAUSE)","Digital Release Track List:","have"
1037,https://en.wikipedia.org/wiki/!PAUS3,""Victim (Thrift)" (Vocals; THEE PAUSE)","Digital Release Track List:","have"
1038,https://en.wikipedia.org/wiki/!PAUS3,""Square in the Minor" (Vocals; Daisy Berkowitz)","Digital Release Track List:","have"
1039,https://en.wikipedia.org/wiki/!PAUS3,"Silence Please, Atlantic, 2010","DiscographyLPs","have"
1040,https://en.wikipedia.org/wiki/!PAUS3,"You Can Does Not Equal You Should, Projecting Nothing 2011","DiscographyLPs","have"
1041,https://en.wikipedia.org/wiki/!PAUS3,"Take Remedy - Hello., KVZ, 2011 (Bass)","DiscographyLPs","have"
1042,https://en.wikipedia.org/wiki/!PAUS3,"Various Artists - Let's Go Somewhere Quiet, Projecting Nothing 2012 (Producer, artist and remix artist)","DiscographyLPs","have"
1043,https://en.wikipedia.org/wiki/!PAUS3,"Distort My Life With Noise, Projecting Nothing 2011","EPs","have"
1044,https://en.wikipedia.org/wiki/!PAUS3,"Distort My Life With Noise II, Projecting Nothing 2011","EPs","have"
1045,https://en.wikipedia.org/wiki/!PAUS3,"Take Remedy - Crash, (Producer & Bass) – Projecting Nothing/KVZ 2011","EPs","have"
1046,https://en.wikipedia.org/wiki/!PAUS3,"The Daisy Kids - The Samsung Sessions - currently unreleased","EPs","have"
1047,https://en.wikipedia.org/wiki/!PAUS3,"The Daisy Kids - Mr Conrad Samsung EP - Organic Intelligence/KVZ 2-15","EPs","have"
1048,https://en.wikipedia.org/wiki/!PAUS3,"Simmi Angel, "Many Faces" (Producer) – Projecting Nothing 2011","Singles","have"
1049,https://en.wikipedia.org/wiki/!PAUS3,"S26, "Memory", (Producer / Guest Remix) 2011","Singles","have"
1050,https://en.wikipedia.org/wiki/!PAUS3,"Lost Shadow, "The Last Song We Will Sing" (Guest remix) Phonocratic Records","Singles","have"
1051,https://en.wikipedia.org/wiki/!PAUS3,"Lost Shadow, Same Problems – Different Solutions" (Guest remix) Phonocratic Records, 2011","Singles","have"
1052,https://en.wikipedia.org/wiki/!PAUS3,"Lena Katina, "Never Forget" (The Remixes) - (Producer and remix artist)","Singles","have"
1053,https://en.wikipedia.org/wiki/!PAUS3,"The Daisy Kids, "Square In The Minor" - Organic Intelligence Records","Singles","have"
1065,https://en.wikipedia.org/wiki/!Que_Clase_de_Amor!,"Aisha Stambouli as Alejandra Martínez","Cast","is"
1066,https://en.wikipedia.org/wiki/!Que_Clase_de_Amor!,"Andrés Gómez as Diego Padilla","Cast","is"
1067,https://en.wikipedia.org/wiki/!Que_Clase_de_Amor!,"Joan Manuel Larrad as Alán Camacho "Alacrán"","Cast","is"
1068,https://en.wikipedia.org/wiki/!Que_Clase_de_Amor!,"Mayela Caldera as Stefani Mendoza","Cast","is"
1069,https://en.wikipedia.org/wiki/!Que_Clase_de_Amor!,"Georgina Palacios as Martha Pérez","Cast","is"
1070,https://en.wikipedia.org/wiki/!Que_Clase_de_Amor!,"Mark Colina as Marcel Jiménez "El Destripador"","Cast","is"
1071,https://en.wikipedia.org/wiki/!Que_Clase_de_Amor!,"Miguel Ángel Tovar as Manuel Colmenares "Manu"","Cast","is"
1072,https://en.wikipedia.org/wiki/!Que_Clase_de_Amor!,"Giannina Alves as Milagros Pérez "Tita"'","Cast","is"
1073,https://en.wikipedia.org/wiki/!Que_Clase_de_Amor!,"Andrés Sosa as Rafael Gómez "Rafa"","Cast","is"
1074,https://en.wikipedia.org/wiki/!Que_Clase_de_Amor!,"Rosanna Zanetti as Andreína Figueroa","Cast","is"
1075,https://en.wikipedia.org/wiki/!Que_Clase_de_Amor!,"Vanessa Hidalgo as Desiré Sánchez","Cast","is"
1076,https://en.wikipedia.org/wiki/!Que_Clase_de_Amor!,"Juan Miguel Henriques as Félix Rodríguez","Cast","is"
1077,https://en.wikipedia.org/wiki/!Que_Clase_de_Amor!,"María Eugenia d'Angelo as Romina Casanova","Cast","is"
1078,https://en.wikipedia.org/wiki/!Que_Clase_de_Amor!,"Jaime Suárez as Samy Rodríguez","Cast","is"
1079,https://en.wikipedia.org/wiki/!Que_Clase_de_Amor!,"Joaquín Araujo as Germán","Cast","is"
1080,https://en.wikipedia.org/wiki/!Que_Clase_de_Amor!,"Rafael Gabeiras as Sebastián","Cast","is"
1081,https://en.wikipedia.org/wiki/!Que_Clase_de_Amor!,"Jesús Alberto Vieira as Román","Cast","is"
1082,https://en.wikipedia.org/wiki/!Que_Clase_de_Amor!,"Dayana Oliveros as Karla","Cast","is"
1083,https://en.wikipedia.org/wiki/!Que_Clase_de_Amor!,"Wendy Bermejo as Magaly","Cast","is"
1084,https://en.wikipedia.org/wiki/!Que_Clase_de_Amor!,"Carolina Muizzi as Sasha","Cast","is"
1085,https://en.wikipedia.org/wiki/!Que_Clase_de_Amor!,"Rodolfo Salas as Leonardo","Cast","is"
1086,https://en.wikipedia.org/wiki/!Que_Clase_de_Amor!,"Jessica Semeco as Leila","Cast","is"
1087,https://en.wikipedia.org/wiki/!Que_Clase_de_Amor!,"Cesar Augusto Méndez as Abraham","Cast","is"
1088,https://en.wikipedia.org/wiki/!Que_Clase_de_Amor!,"Anavir García as Cristinita","Cast","is"
1089,https://en.wikipedia.org/wiki/!Que_Clase_de_Amor!,"Cesar de la Torre as Caiman","Cast","is"
1090,https://en.wikipedia.org/wiki/!Que_Clase_de_Amor!,"Rosalinda Serfaty as la Directora Ana María Sosa","Special Guests","is"
1091,https://en.wikipedia.org/wiki/!Que_Clase_de_Amor!,"Ruddy Rodríguez as Aurora","Special Guests","is"
1092,https://en.wikipedia.org/wiki/!Que_Clase_de_Amor!,"Samir Bazzi as Profesor Narciso o "El Papi Profe"","Special Guests","is"
1093,https://en.wikipedia.org/wiki/!Que_Clase_de_Amor!,"Yulika Krausz as Pura","Special Guests","is"
1105,https://en.wikipedia.org/wiki/!Qu%C3%A9_Clase_de_Amor!,"Aisha Stambouli as Alejandra Martínez","Cast","is"
1106,https://en.wikipedia.org/wiki/!Qu%C3%A9_Clase_de_Amor!,"Andrés Gómez as Diego Padilla","Cast","is"
1107,https://en.wikipedia.org/wiki/!Qu%C3%A9_Clase_de_Amor!,"Joan Manuel Larrad as Alán Camacho "Alacrán"","Cast","is"
1108,https://en.wikipedia.org/wiki/!Qu%C3%A9_Clase_de_Amor!,"Mayela Caldera as Stefani Mendoza","Cast","is"
1109,https://en.wikipedia.org/wiki/!Qu%C3%A9_Clase_de_Amor!,"Georgina Palacios as Martha Pérez","Cast","is"
1110,https://en.wikipedia.org/wiki/!Qu%C3%A9_Clase_de_Amor!,"Mark Colina as Marcel Jiménez "El Destripador"","Cast","is"
1111,https://en.wikipedia.org/wiki/!Qu%C3%A9_Clase_de_Amor!,"Miguel Ángel Tovar as Manuel Colmenares "Manu"","Cast","is"
1112,https://en.wikipedia.org/wiki/!Qu%C3%A9_Clase_de_Amor!,"Giannina Alves as Milagros Pérez "Tita"'","Cast","is"
1113,https://en.wikipedia.org/wiki/!Qu%C3%A9_Clase_de_Amor!,"Andrés Sosa as Rafael Gómez "Rafa"","Cast","is"
1114,https://en.wikipedia.org/wiki/!Qu%C3%A9_Clase_de_Amor!,"Rosanna Zanetti as Andreína Figueroa","Cast","is"
1115,https://en.wikipedia.org/wiki/!Qu%C3%A9_Clase_de_Amor!,"Vanessa Hidalgo as Desiré Sánchez","Cast","is"
1116,https://en.wikipedia.org/wiki/!Qu%C3%A9_Clase_de_Amor!,"Juan Miguel Henriques as Félix Rodríguez","Cast","is"
1117,https://en.wikipedia.org/wiki/!Qu%C3%A9_Clase_de_Amor!,"María Eugenia d'Angelo as Romina Casanova","Cast","is"
1118,https://en.wikipedia.org/wiki/!Qu%C3%A9_Clase_de_Amor!,"Jaime Suárez as Samy Rodríguez","Cast","is"
1119,https://en.wikipedia.org/wiki/!Qu%C3%A9_Clase_de_Amor!,"Joaquín Araujo as Germán","Cast","is"
1120,https://en.wikipedia.org/wiki/!Qu%C3%A9_Clase_de_Amor!,"Rafael Gabeiras as Sebastián","Cast","is"
1121,https://en.wikipedia.org/wiki/!Qu%C3%A9_Clase_de_Amor!,"Jesús Alberto Vieira as Román","Cast","is"
1122,https://en.wikipedia.org/wiki/!Qu%C3%A9_Clase_de_Amor!,"Dayana Oliveros as Karla","Cast","is"
1123,https://en.wikipedia.org/wiki/!Qu%C3%A9_Clase_de_Amor!,"Wendy Bermejo as Magaly","Cast","is"
1124,https://en.wikipedia.org/wiki/!Qu%C3%A9_Clase_de_Amor!,"Carolina Muizzi as Sasha","Cast","is"
1125,https://en.wikipedia.org/wiki/!Qu%C3%A9_Clase_de_Amor!,"Rodolfo Salas as Leonardo","Cast","is"
1126,https://en.wikipedia.org/wiki/!Qu%C3%A9_Clase_de_Amor!,"Jessica Semeco as Leila","Cast","is"
1127,https://en.wikipedia.org/wiki/!Qu%C3%A9_Clase_de_Amor!,"Cesar Augusto Méndez as Abraham","Cast","is"
1128,https://en.wikipedia.org/wiki/!Qu%C3%A9_Clase_de_Amor!,"Anavir García as Cristinita","Cast","is"
1129,https://en.wikipedia.org/wiki/!Qu%C3%A9_Clase_de_Amor!,"Cesar de la Torre as Caiman","Cast","is"
1130,https://en.wikipedia.org/wiki/!Qu%C3%A9_Clase_de_Amor!,"Rosalinda Serfaty as la Directora Ana María Sosa","Special Guests","is"
1131,https://en.wikipedia.org/wiki/!Qu%C3%A9_Clase_de_Amor!,"Ruddy Rodríguez as Aurora","Special Guests","is"
1132,https://en.wikipedia.org/wiki/!Qu%C3%A9_Clase_de_Amor!,"Samir Bazzi as Profesor Narciso o "El Papi Profe"","Special Guests","is"
1133,https://en.wikipedia.org/wiki/!Qu%C3%A9_Clase_de_Amor!,"Yulika Krausz as Pura","Special Guests","is"
1134,https://en.wikipedia.org/wiki/!Show_Biz_Grande_Explosion!,"November 15, 2003: Host Alec Baldwin.","Appearances:","is"
1135,https://en.wikipedia.org/wiki/!Show_Biz_Grande_Explosion!,"Baldwin plays Alan Scheinwald, Abe's son and Brad's father.","Appearances:","is"
1136,https://en.wikipedia.org/wiki/!Show_Biz_Grande_Explosion!,"He sides with Abe Scheinwald in wanting to make low budget exploitation films rather than quality movies.","Appearances:","is"
1137,https://en.wikipedia.org/wiki/!Show_Biz_Grande_Explosion!,"May 8, 2004: Host Snoop Dogg.","Appearances:","is"
1138,https://en.wikipedia.org/wiki/!Show_Biz_Grande_Explosion!,"Snoop Dogg, playing himself, pitches his movie idea, "Booty Hotel" to Abe, which he loves, and of course, Brad hates.","Appearances:","is"
1139,https://en.wikipedia.org/wiki/!Show_Biz_Grande_Explosion!,"December 18, 2004:  Host Robert De Niro.","Appearances:","is"
1140,https://en.wikipedia.org/wiki/!Show_Biz_Grande_Explosion!,"Brad and Abe argue about the direction of the studio at the Weekend Update desk.","Appearances:","is"
1141,https://en.wikipedia.org/wiki/!Show_Biz_Grande_Explosion!,"October 22, 2005:  Host Catherine Zeta-Jones.","Appearances:","is"
1142,https://en.wikipedia.org/wiki/!Show_Biz_Grande_Explosion!,"Brad meets secretly with a fictional critically acclaimed actress (played by Amy Poehler) to discuss a serious script but is discovered and thwarted by Grandpa Abe who proposes to morph the script into an exploitation film starring a slutty actress (played by Zeta-Jones).","Appearances:","is"
1143,https://en.wikipedia.org/wiki/!Show_Biz_Grande_Explosion!,"January 10, 2004: host Jennifer Aniston as Taytay Phillips, a pregnant woman brought in after she fell on a toilet seat after jackknifing off a Big Wheel.","Recurring charactersEpisodes featuring Appalachian Emergency Room","have"
1144,https://en.wikipedia.org/wiki/!Show_Biz_Grande_Explosion!,"March 13, 2004: host Ben Affleck as Rusty Kofich, a trucker whose ferret bit him in the crotch while he fed his ferrets naked","Recurring charactersEpisodes featuring Appalachian Emergency Room","have"
1145,https://en.wikipedia.org/wiki/!Show_Biz_Grande_Explosion!,"May 8, 2004: host Snoop Dogg as Booker Fricky, a man who injured his arm while going down a pool slide (and, in the dress rehearsal version shown on the cable reruns and on Netflix, has a large family consisting of both black and white people following him into the emergency room)","Recurring charactersEpisodes featuring Appalachian Emergency Room","have"
1146,https://en.wikipedia.org/wiki/!Show_Biz_Grande_Explosion!,"November 13, 2004: host Liam Neeson as Marlon Weaver, a trucker who got seven hypodermic needles in his back after he and his fellow trucker (played by Rob Riggle) crashed their truck","Recurring charactersEpisodes featuring Appalachian Emergency Room","have"
1147,https://en.wikipedia.org/wiki/!Show_Biz_Grande_Explosion!,"May 21, 2005: host Lindsay Lohan as Jerica-Lynn Dubette, a high-school dropout dressed as a cheerleader searching for employment who "pops her cooter-bone" doing a high kick.","Recurring charactersEpisodes featuring Appalachian Emergency Room","have"
1148,https://en.wikipedia.org/wiki/!Show_Biz_Grande_Explosion!,"December 17, 2005: host Jack Black as Sandy Joey Jefferson, a man dressed as Joseph as part of a live Nativity exhibit which somehow degenerated into a farting contest - he's afraid he ripped his "pooty-pucker" in attempting to produce the loudest fart, Neil Young as Percy and Netty Bodance's oft-mentioned druggie son, and Johnny Knoxville as himself (who comes in with a 2x4 nailed to his "ABC" or "ass-ball connection")","Recurring charactersEpisodes featuring Appalachian Emergency Room","have"
1149,https://en.wikipedia.org/wiki/!Show_Biz_Grande_Explosion!,"March 11, 2006: host Matt Dillon as Perdy Spotly, a fast-talking con man who chats with the receptionist while his wife (who works as a stripper) steals a car in the parking lot.","Recurring charactersEpisodes featuring Appalachian Emergency Room","have"
1150,https://en.wikipedia.org/wiki/!Show_Biz_Grande_Explosion!,"NOTE: There was supposed to be an Appalachian Emergency Room sketch on the Peyton Manning/Carrie Underwood episode in season 32 (despite that Chris Parnell isn't there to play frequent patient Tyler), where Manning interrupts the sketch to speak out against its redneck stereotyping, but it never appeared in the live show airing.","Recurring charactersEpisodes featuring Appalachian Emergency Room","have"
1151,https://en.wikipedia.org/wiki/!Show_Biz_Grande_Explosion!,"May 15, 2004:  Hosts Mary-Kate and Ashley Olsen as employees Mattie and Jackie Halderback.","Appearances:","is"
1152,https://en.wikipedia.org/wiki/!Show_Biz_Grande_Explosion!,"Jimmy Fallon as employee Jack Kakinstack.","Appearances:","is"
1153,https://en.wikipedia.org/wiki/!Show_Biz_Grande_Explosion!,"Business:  Pat 'n Patti's Backpack Shack.","Appearances:","is"
1154,https://en.wikipedia.org/wiki/!Show_Biz_Grande_Explosion!,"December 11, 2004: Host Colin Farrell as employee Zack Kakinstack.","Appearances:","is"
1155,https://en.wikipedia.org/wiki/!Show_Biz_Grande_Explosion!,"Business:  Pat 'n Patti's Slacks, Snacks, and Knick Knack shack.","Appearances:","is"
1178,https://en.wikipedia.org/wiki/!Tr%27e!,"¡Tré!","References","is"
1179,https://en.wikipedia.org/wiki/!Tr%27e!,"at YouTube (streamed copy where licensed)","References","is"
1180,https://en.wikipedia.org/wiki/!Tre!,"¡Tré!","References","is"
1181,https://en.wikipedia.org/wiki/!Tre!,"at YouTube (streamed copy where licensed)","References","is"
1182,https://en.wikipedia.org/wiki/!Ui_languages,"Güldemann, Tom.","ReferencesSources","is"
1183,https://en.wikipedia.org/wiki/!Ui_languages,"(2006).","ReferencesSources","is"
1184,https://en.wikipedia.org/wiki/!Ui_languages,"Anthropological Linguistics, 48(4): 369–395.","ReferencesSources","is"
1185,https://en.wikipedia.org/wiki/!Uno!,"Rob Cavallo - keyboards","Additional musicians","have"
1186,https://en.wikipedia.org/wiki/!Uno!,"Keith Armstrong – mixing assistant","Production","is"
1187,https://en.wikipedia.org/wiki/!Uno!,"Nik Karpen – mixing assistant","Production","is"
1188,https://en.wikipedia.org/wiki/!Uno!,"Andrew Schubert – mixing assistant","Production","is"
1189,https://en.wikipedia.org/wiki/!Uno!,"Brad Townsend – mixing assistant","Production","is"
1190,https://en.wikipedia.org/wiki/!Uno!,"Chris Bilheimer – artwork, graphic design","Production","is"
1191,https://en.wikipedia.org/wiki/!Uno!,"Lee Bothwick – additional engineering","Production","is"
1192,https://en.wikipedia.org/wiki/!Uno!,"Rob Cavallo - producer","Production","is"
1193,https://en.wikipedia.org/wiki/!Uno!,"Chris Dugan – engineer","Production","is"
1194,https://en.wikipedia.org/wiki/!Uno!,"Andrew "Hans" Buscher – guitar technician","Production","is"
1195,https://en.wikipedia.org/wiki/!Uno!,"Eden Galindo – bass technician","Production","is"
1196,https://en.wikipedia.org/wiki/!Uno!,"Mike Fasano – drum technician","Production","is"
1197,https://en.wikipedia.org/wiki/!Uno!,"Kenny Butler – drum technician","Production","is"
1198,https://en.wikipedia.org/wiki/!Uno!,"Green Day – producers","Production","is"
1199,https://en.wikipedia.org/wiki/!Uno!,"Cheryl Jenets – production manager","Production","is"
1200,https://en.wikipedia.org/wiki/!Uno!,"Ted Jensen – mastering","Production","is"
1201,https://en.wikipedia.org/wiki/!Uno!,"Brad Kobylczak – second engineer","Production","is"
1202,https://en.wikipedia.org/wiki/!Uno!,"Chris Lord-Alge – mixing","Production","is"
1203,https://en.wikipedia.org/wiki/!Uno!,"Pat Magnarella – management","Production","is"
1204,https://en.wikipedia.org/wiki/!Uno!,"Jaime Neely – production assistant","Production","is"
1205,https://en.wikipedia.org/wiki/!Uno!,"Michelle Rogel – production assistant","Production","is"
1206,https://en.wikipedia.org/wiki/!Uno!,"Bill Schneider – band coordinator","Production","is"
1207,https://en.wikipedia.org/wiki/!Uno!,"Theo "Firecracker" Stockman – back cover photo","Production","is"
1208,https://en.wikipedia.org/wiki/!Uno!,"Felisha Tolentino – photography","Production","is"
1209,https://en.wikipedia.org/wiki/!Viva!_Los_Straitjackets,"Danny Amis – guitar","Los Straitjackets","have"
1210,https://en.wikipedia.org/wiki/!Viva!_Los_Straitjackets,"Eddie Angel – guitar","Los Straitjackets","have"
1211,https://en.wikipedia.org/wiki/!Viva!_Los_Straitjackets,"Scott Esbeck – bass","Los Straitjackets","have"
1212,https://en.wikipedia.org/wiki/!Viva_Nueva!,"Dave Gutter – guitar, vocals","Personnel","is"
1213,https://en.wikipedia.org/wiki/!Viva_Nueva!,"Spencer Albee – synthesizers, vocals","Personnel","is"
1214,https://en.wikipedia.org/wiki/!Viva_Nueva!,"Tony McNaboe – drums","Personnel","is"
1215,https://en.wikipedia.org/wiki/!Viva_Nueva!,"Jon Roods – bass guitar","Personnel","is"
1216,https://en.wikipedia.org/wiki/!Viva_Nueva!,"Ryan Zoidis – saxophone, engineer","Personnel","is"
1217,https://en.wikipedia.org/wiki/!Viva_Nueva!,"Jason Ward – baritone saxophone","Personnel","is"
1218,https://en.wikipedia.org/wiki/!Viva_Nueva!,"Scott Pederson – guest trumpet","Personnel","is"
1219,https://en.wikipedia.org/wiki/!Viva_Nueva!,"David Bowie – guest vocals on "Sector Z" and "Man Without a Mouth"","Personnel","is"
1220,https://en.wikipedia.org/wiki/!Viva_Nueva!,"Funkmaster Flex – guest vocals on "Smoke"","Personnel","is"
1221,https://en.wikipedia.org/wiki/!Viva_Nueva!,"Imogen Heap – guest performer on "Valentine's Day Massacre"","Personnel","is"
1222,https://en.wikipedia.org/wiki/!Viva_Nueva!,"Tony Visconti – producer, engineer, bass (upright)","Personnel","is"
1223,https://en.wikipedia.org/wiki/!Viva_Nueva!,"David Leonard – producer, engineer, mixing","Personnel","is"
1224,https://en.wikipedia.org/wiki/!Viva_Nueva!,"Steve Drown – producer, engineer","Personnel","is"
1225,https://en.wikipedia.org/wiki/!Viva_Nueva!,"Roger Sommers – engineer","Personnel","is"
1226,https://en.wikipedia.org/wiki/!Viva_Nueva!,"Jim Begley – engineer","Personnel","is"
1227,https://en.wikipedia.org/wiki/!Viva_Nueva!,"Chris Mazer – assistant engineer","Personnel","is"
1228,https://en.wikipedia.org/wiki/!Viva_Nueva!,"Ryoji Hata – assistant engineer","Personnel","is"
1229,https://en.wikipedia.org/wiki/!Viva_Nueva!,"Alex Chan – assistant engineer","Personnel","is"
1230,https://en.wikipedia.org/wiki/!Viva_Nueva!,"John Goodmanson – mixing","Personnel","is"
1231,https://en.wikipedia.org/wiki/!Viva_Nueva!,"Shepard Fairey – art design","Personnel","is"
1232,https://en.wikipedia.org/wiki/!Vivo_Latino!,"1 Running only on occasional events.","Current programming","is"
1233,https://en.wikipedia.org/wiki/!Women_Art_Revolution,"Anon (2018).","References","is"
1234,https://en.wikipedia.org/wiki/!Women_Art_Revolution,""Artist, Curator & Critic Interviews".","References","is"
1235,https://en.wikipedia.org/wiki/!Women_Art_Revolution,"!Women Art Revolution - Spotlight at Stanford.","References","is"
1236,https://en.wikipedia.org/wiki/!Women_Art_Revolution,"Archived from the original on August 23, 2018 .","References","is"
1237,https://en.wikipedia.org/wiki/!Women_Art_Revolution,"Anon (2017).","References","is"
1238,https://en.wikipedia.org/wiki/!Women_Art_Revolution,""Women Art Revolution Trailers".","References","is"
1239,https://en.wikipedia.org/wiki/!Women_Art_Revolution,"Stanford University Library.","References","is"
1240,https://en.wikipedia.org/wiki/!Women_Art_Revolution,"Archived from the original on September 3, 2017.","References","is"
1241,https://en.wikipedia.org/wiki/!Women_Art_Revolution,"Anon (2011).","References","is"
1242,https://en.wikipedia.org/wiki/!Women_Art_Revolution,"WOMEN ART REVOLUTION".","References","is"
1243,https://en.wikipedia.org/wiki/!Women_Art_Revolution,"womenartrevolution.com.","References","is"
1244,https://en.wikipedia.org/wiki/!Women_Art_Revolution,"Archived from the original on August 23, 2018 .","References","is"
1245,https://en.wikipedia.org/wiki/!Women_Art_Revolution,"Druda, E. (2012).","References","is"
1246,https://en.wikipedia.org/wiki/!Women_Art_Revolution,"Women Art Revolution".","References","is"
1247,https://en.wikipedia.org/wiki/!Women_Art_Revolution,"Library Journal.","References","is"
1248,https://en.wikipedia.org/wiki/!Women_Art_Revolution,"137 (11): 42.","References","is"
1249,https://en.wikipedia.org/wiki/!Women_Art_Revolution,"Grant, B. K. (December 2010).","References","is"
1250,https://en.wikipedia.org/wiki/!Women_Art_Revolution,""Around the Circuit: Toronto International Film Festival 2010".","References","is"
1251,https://en.wikipedia.org/wiki/!Women_Art_Revolution,"Film International.","References","is"
1252,https://en.wikipedia.org/wiki/!Women_Art_Revolution,"8 (6): 95–97.","References","is"
1253,https://en.wikipedia.org/wiki/!Women_Art_Revolution,"doi:10.1386/fiin.8.6.95.","References","is"
1254,https://en.wikipedia.org/wiki/!Women_Art_Revolution,"Knight, R. Jr. (2011).","References","is"
1255,https://en.wikipedia.org/wiki/!Women_Art_Revolution,""!women art revolution".","References","is"
1256,https://en.wikipedia.org/wiki/!Women_Art_Revolution,"Weekend.","References","is"
1257,https://en.wikipedia.org/wiki/!Women_Art_Revolution,"Windy City Times.","References","is"
1258,https://en.wikipedia.org/wiki/!Women_Art_Revolution,"25 (51).","References","is"
1259,https://en.wikipedia.org/wiki/!Women_Art_Revolution,"p. 22.","References","is"
1260,https://en.wikipedia.org/wiki/!Women_Art_Revolution,"Subrin, Elisabeth (May–June 2011).","References","is"
1261,https://en.wikipedia.org/wiki/!Women_Art_Revolution,""!Women art revolution".","References","is"
1262,https://en.wikipedia.org/wiki/!Women_Art_Revolution,"Film Comment.","References","is"
1263,https://en.wikipedia.org/wiki/!Women_Art_Revolution,"47 (3): 65–66.","References","is"
1264,https://en.wikipedia.org/wiki/!Women_Art_Revolution,"Voynar, Kim (June 1, 2011).","References","is"
1265,https://en.wikipedia.org/wiki/!Women_Art_Revolution,""Review: !Women Art Revolution".","References","is"
1266,https://en.wikipedia.org/wiki/!Women_Art_Revolution,"Movie City News.","References","is"
1267,https://en.wikipedia.org/wiki/!Women_Art_Revolution,"Archived from the original on September 3, 2017 .","References","is"
1268,https://en.wikipedia.org/wiki/!Xo_language,"West Taa: Traill's West ǃXoon and Dorothea Bleek's Nǀuǁʼen","Taa dialects fall into two groups, suggesting a historical spread from west to east:","fall into"
1269,https://en.wikipedia.org/wiki/!Xo_language,"East Taa","Taa dialects fall into two groups, suggesting a historical spread from west to east:","fall into"
1270,https://en.wikipedia.org/wiki/!Xo_language,"ǃAma (Western)","Taa dialects fall into two groups, suggesting a historical spread from west to east:","fall into"
1271,https://en.wikipedia.org/wiki/!Xo_language,"(Eastern)","Taa dialects fall into two groups, suggesting a historical spread from west to east:","fall into"
1272,https://en.wikipedia.org/wiki/!Xo_language,"East ǃXoon (Lone Tree)","Taa dialects fall into two groups, suggesting a historical spread from west to east:","fall into"
1273,https://en.wikipedia.org/wiki/!Xo_language,"Tsaasi–ǂHuan","Taa dialects fall into two groups, suggesting a historical spread from west to east:","fall into"
1274,https://en.wikipedia.org/wiki/!Xo_language,"Tsaasi","Taa dialects fall into two groups, suggesting a historical spread from west to east:","fall into"
1275,https://en.wikipedia.org/wiki/!Xo_language,"ǂHuan","Taa dialects fall into two groups, suggesting a historical spread from west to east:","fall into"
1276,https://en.wikipedia.org/wiki/!Xo_language,"CVV","The Taa syllable structure, as described by DoBeS, may be one of the following:","is"
1277,https://en.wikipedia.org/wiki/!Xo_language,"CCVV","The Taa syllable structure, as described by DoBeS, may be one of the following:","is"
1278,https://en.wikipedia.org/wiki/!Xo_language,"CVC2V","The Taa syllable structure, as described by DoBeS, may be one of the following:","is"
1279,https://en.wikipedia.org/wiki/!Xo_language,"CCVC2V","The Taa syllable structure, as described by DoBeS, may be one of the following:","is"
1280,https://en.wikipedia.org/wiki/!Xo_language,"CVN","The Taa syllable structure, as described by DoBeS, may be one of the following:","is"
1281,https://en.wikipedia.org/wiki/!Xo_language,"CCVN","The Taa syllable structure, as described by DoBeS, may be one of the following:","is"
1282,https://en.wikipedia.org/wiki/!Xo_language,"Traill, Anthony (1985).","References","is"
1283,https://en.wikipedia.org/wiki/!Xo_language,"Phonetic and Phonological Studies of ǃXóõ Bushman.","References","is"
1284,https://en.wikipedia.org/wiki/!Xo_language,"Hamburg: Helmut Buske.","References","is"
1285,https://en.wikipedia.org/wiki/!Xo_language,"ISBN3-87118-669-4.","References","is"
1286,https://en.wikipedia.org/wiki/!Xo_language,"Traill, Anthony (1994).","References","is"
1287,https://en.wikipedia.org/wiki/!Xo_language,"A ǃXóõ Dictionary.","References","is"
1288,https://en.wikipedia.org/wiki/!Xo_language,"(Quellen zur Khoisan-Forschung, vol.","References","is"
1289,https://en.wikipedia.org/wiki/!Xo_language,"9).","References","is"
1290,https://en.wikipedia.org/wiki/!Xo_language,"Köln: Rüdiger Köppe.","References","is"
1291,https://en.wikipedia.org/wiki/!Xo_language,"pp.","References","is"
1292,https://en.wikipedia.org/wiki/!Xo_language,"23.","References","is"
1293,https://en.wikipedia.org/wiki/!Xo_language,"ISBN3-927620-56-4.","References","is"
23410,https://en.wikipedia.org/wiki/%27Adan,"The historical British churches, one of which lies empty and semi-derelict in 2019.","These include:","includes"
23411,https://en.wikipedia.org/wiki/%27Adan,"The Zoroastrian Temple","These include:","includes"
23412,https://en.wikipedia.org/wiki/%27Adan,"The Cisterns of Tawila—an ancient water-catchment system located in the sub-centre of Crater","These include:","includes"
23413,https://en.wikipedia.org/wiki/%27Adan,"Sira Fort","These include:","includes"
23414,https://en.wikipedia.org/wiki/%27Adan,"The Aden Minaret","These include:","includes"
23415,https://en.wikipedia.org/wiki/%27Adan,"Little Ben, a miniature Big Ben Clock Tower overlooking Steamer Point.","These include:","includes"
23416,https://en.wikipedia.org/wiki/%27Adan,"Built during the colonial period, this was restored in 2012 after 3 decades of neglect since the British withdrawal of 1967.","These include:","includes"
23417,https://en.wikipedia.org/wiki/%27Adan,"The Landing Pier at Steamer Point is a 19th-century building used by visiting dignitaries during the colonial period, most notably Queen Elizabeth during her 1954 visit to the colony.","These include:","includes"
23418,https://en.wikipedia.org/wiki/%27Adan,"This building was hit by an airstrike in 2015 and is currently in the process of being restored in 2019.","These include:","includes"
23419,https://en.wikipedia.org/wiki/%27Adan,"The Crescent Hotel which contained a number of artifacts relating to the Royal Visit of 1954 and which currently remains derelict as a result of a recent airstrike.","These include:","includes"
23420,https://en.wikipedia.org/wiki/%27Adan,"The Palace of the Sultanate of Lahej/National Museum—The National Museum was founded in 1966 and is located in what used to be the Palace of the Sultanate of Lehej.","These include:","includes"
23421,https://en.wikipedia.org/wiki/%27Adan,"Northern forces robbed it during the 1994 Civil War, but its collection of pieces remains one of the biggest in Yemen.","These include:","includes"
23422,https://en.wikipedia.org/wiki/%27Adan,"The Aden Military Museum which features a painting depicting 20 June 1967 ambush by Arab Police Barracks on a British Army unit when a number of the 22 officers killed that day were driving in 2 Landrovers on Queen Arwa Road, Crater.","These include:","includes"
23423,https://en.wikipedia.org/wiki/%27Adan,"The Rimbaud House, which opened in 1991, is the two-story house of French poet Arthur Rimbaud who lived in Aden from 1880 to 1891.","These include:","includes"
23424,https://en.wikipedia.org/wiki/%27Adan,"Rimbaud moved to Aden on his way to Ethiopia in an attempt for a new life.","These include:","includes"
23425,https://en.wikipedia.org/wiki/%27Adan,"As of the late 1990s, the first floor of the house belonged to the French Consulate, a cultural centre and a library.","These include:","includes"
23426,https://en.wikipedia.org/wiki/%27Adan,"The house is located in al-Tawahi—the European Quarter of Aden—and is politically and culturally debated for its French nature in an area previously colonized by Britain.","These include:","includes"
23427,https://en.wikipedia.org/wiki/%27Adan,"The fortifications of Jebal Hadid and Jebal Shamsan","These include:","includes"
23428,https://en.wikipedia.org/wiki/%27Adan,"The beaches of Aden and Little Aden—Some of the popular beaches in Aden consist of Lover's Bay Beach, Elephant Beach and Gold Beach.","These include:","includes"
23429,https://en.wikipedia.org/wiki/%27Adan,"The popular beach in Little Aden is called Blue Beach.","These include:","includes"
23430,https://en.wikipedia.org/wiki/%27Adan," Some beaches are private and some are public, which is subject to change over time due to the changing resort industry.","These include:","includes"
23431,https://en.wikipedia.org/wiki/%27Adan,"According to the Wall Street Journal, kidnappings on the beaches and the threat of Al Qaeda has caused problems for the resort industry in Aden, which used to be popular among locals and Westerners.","These include:","includes"
23432,https://en.wikipedia.org/wiki/%27Adan,"Al-Aidaroos Mosque","These include:","includes"
23433,https://en.wikipedia.org/wiki/%27Adan,"Main Pass – now called Al-Aqba Road is the only road into Aden through Crater.","These include:","includes"
23434,https://en.wikipedia.org/wiki/%27Adan,"Originally an Arched Upper bridge known as Main Gate, it overlooked Aden city and was built during the Ottoman Empire.","These include:"
23435,https://en.wikipedia.org/wiki/%27Adan,"A painted crest of the 24th British army battalion is still visible on the brickwork adjacent to the Gate site and is believed to be the only remaining army Crest from colonial rule still visible in Aden.","These include:","includes"
23436,https://en.wikipedia.org/wiki/%27Adan,"In March 1963 the bridge was removed by a British Army controlled explosion to widen the 2 lane roadway to the present 4 lane highway and the only reminder of this bridge is a quarter scale replica built at the end of the Al-Aqba road intersection known as the AdenGate Model roundabout.","These include:","includes"
23437,https://en.wikipedia.org/wiki/%27Adan,"Garston, J.","See alsoReferences","is"
23438,https://en.wikipedia.org/wiki/%27Adan,""Aden: The First Hundred Years," History Today (March 1965) 15#3 pp 147–158.","See alsoReferences","is"
23439,https://en.wikipedia.org/wiki/%27Adan,"covers 1839 to 1939.","See alsoReferences","is"
23440,https://en.wikipedia.org/wiki/%27Adan,"Norris, H.T.","See alsoReferences","is"
23441,https://en.wikipedia.org/wiki/%27Adan,"; Penhey, F.W.","See alsoReferences","is"
23442,https://en.wikipedia.org/wiki/%27Adan,"(1955).","See alsoReferences","is"
23443,https://en.wikipedia.org/wiki/%27Adan,""The Historical Development of Aden's defences".","See alsoReferences","is"
23444,https://en.wikipedia.org/wiki/%27Adan,"The Geographical Journal.","See alsoReferences","is"
23445,https://en.wikipedia.org/wiki/%27Adan,"CXXI part I.","See alsoReferences","is"
23446,https://en.wikipedia.org/wiki/%27Adan,"Aden travel guide from Wikivoyage","Further reading","is"
23447,https://en.wikipedia.org/wiki/%27Adhah,"Ahab, seventh king of Israel","Ahab (Hebrew: אָחאַב, which means "brother/father") is the name of at least two biblical figures:","is"
23448,https://en.wikipedia.org/wiki/%27Adhah,"Ahab, son of Koliah, who, according to Jeremiah 29:21, was labeled a false prophet by YHVH ","Ahab (Hebrew: אָחאַב, which means "brother/father") is the name of at least two biblical figures:","is"
23449,https://en.wikipedia.org/wiki/%27Adhah,"Ahi is the son of Abdiel in 1 Chronicles 5:15","(Hebrew אֲחִי "brother/kindred of YHWH")","is"
23450,https://en.wikipedia.org/wiki/%27Adhah,"Ahi is the son of Shomer in 1 Chronicles 7:34","(Hebrew אֲחִי "brother/kindred of YHWH")","is"
23451,https://en.wikipedia.org/wiki/%27Adhah,"The first is either the son or daughter of a Jerahmeelite man named Sheshan.","In the opinion of Thomas Kelly Cheyne, the name is probably derived from "Ahiel" or a similar name.","is"
23452,https://en.wikipedia.org/wiki/%27Adhah,"The second is the father or mother of Zabad, who is listed as one of David's Mighty Warriors in 1 Chronicles 11:41.","In the opinion of Thomas Kelly Cheyne, the name is probably derived from "Ahiel" or a similar name.","is"
23453,https://en.wikipedia.org/wiki/%27Adhah,"1 Chronicles6:31 indicates Amzi as a Levite man of the family of Merari.","Two individuals with this name are mentioned in the Bible:","mentioned"
23454,https://en.wikipedia.org/wiki/%27Adhah,"A son of Zechariah was named Amzi.","Two individuals with this name are mentioned in the Bible:","mentioned"
23455,https://en.wikipedia.org/wiki/%27Adhah,"He was an ancestor to the Levite priest Adaiah (Nehemiah11:12), who was one of the Israelite exiles under the direction of Nehemiah when he returned to Jerusalem to rebuild the city walls.","Two individuals with this name are mentioned in the Bible:","mentioned"
23456,https://en.wikipedia.org/wiki/%27Adhah,"In Genesis36:2,14,18,25, Anah is a daughter of Zibeon, and her daughter Aholibamah is a wife of Esau.","In the Book of Genesis, there are two men and one woman named Anah.","is"
23457,https://en.wikipedia.org/wiki/%27Adhah,"In Genesis36:20,29 and 1 Chronicles1:38, Anah is a son of Seir and a brother of Zibeon chief of the Horites.","In the Book of Genesis, there are two men and one woman named Anah.","is"
23458,https://en.wikipedia.org/wiki/%27Adhah,"In Genesis36:24 and 1 Chronicles1:40–41, Anah is a son of Zibeon, and is famed for discovering hot springs.","In the Book of Genesis, there are two men and one woman named Anah.","is"
23459,https://en.wikipedia.org/wiki/%27Adhah,"The second of ten sons of Benjamin according to Genesis 46:21 and 1 Chronicles 7:6","Becher was the name of two individuals mentioned in the Bible:","is"
23460,https://en.wikipedia.org/wiki/%27Adhah,"A son of Ephraim according to Numbers 26:35.","Becher was the name of two individuals mentioned in the Bible:","is"
23461,https://en.wikipedia.org/wiki/%27Adhah,"His descendants were referred to as Bachrites.","Becher was the name of two individuals mentioned in the Bible:","is"
23462,https://en.wikipedia.org/wiki/%27Adhah,"One of Asher's four sons, and father of Heber and Malchiel.","Beriah is the name of four different biblical individuals:","is"
23463,https://en.wikipedia.org/wiki/%27Adhah,"A son of Ephraim (1 Chr.7:20–23), born after the killing of Ephraim's sons Ezer and Elead, and so called by his father "because disaster had befallen his house.","Beriah is the name of four different biblical individuals:","is"
23464,https://en.wikipedia.org/wiki/%27Adhah,"" He was the father of Rephah, the ancestor of Joshua son of Nun son of Elishama.","Beriah is the name of four different biblical individuals:","is"
23465,https://en.wikipedia.org/wiki/%27Adhah,"A Benjamite, son of Elpaal.","Beriah is the name of four different biblical individuals:","is"
23466,https://en.wikipedia.org/wiki/%27Adhah,"He and his brother Shema expelled the Gittites, and were patriarchs to the inhabitants of Ajalon.","Beriah is the name of four different biblical individuals:","is"
23467,https://en.wikipedia.org/wiki/%27Adhah,"His sons were Michael, Ishpah and Joha.","Beriah is the name of four different biblical individuals:","is"
23468,https://en.wikipedia.org/wiki/%27Adhah,"(1 Chr.8:13)","Beriah is the name of four different biblical individuals:","is"
23469,https://en.wikipedia.org/wiki/%27Adhah,"A Levite, the son of Shimei.","Beriah is the name of four different biblical individuals:","is"
23470,https://en.wikipedia.org/wiki/%27Adhah,"He was jointly patriarch of a clan with his brother Jeush.","Beriah is the name of four different biblical individuals:","is"
23471,https://en.wikipedia.org/wiki/%27Adhah,"(1 Chr.23:10–11)","Beriah is the name of four different biblical individuals:","is"
23472,https://en.wikipedia.org/wiki/%27Adhah,"A descendant of Judah, called "brother of Shuhah" in 1 Chronicles 4:11, in a genealogical passage listing descendants of Judah.","Two individuals by the name of Chelub are mentioned in the Hebrew Bible.","mentioned"
23473,https://en.wikipedia.org/wiki/%27Adhah,"According to the Encyclopaedia Biblica (1899), this "Chelub" is the biblical figure better known as Caleb.","Two individuals by the name of Chelub are mentioned in the Hebrew Bible.","mentioned"
23474,https://en.wikipedia.org/wiki/%27Adhah,"An Ezri son of Chelub was an overseer of agricultural work in the time of king David according to 1 Chronicles 27:26.","Two individuals by the name of Chelub are mentioned in the Hebrew Bible.","mentioned"
23475,https://en.wikipedia.org/wiki/%27Adhah,"In a genealogical section of Chronicles concerned with the Tribe of Benjamin, a Chenaanah son of Bilhan is mentioned.","Chenaanah is the name of two biblical figures.","is the name of"
23476,https://en.wikipedia.org/wiki/%27Adhah,"The false prophet Zedekiah is called "son of Chenaanah.","Chenaanah is the name of two biblical figures.","is the name of"
23478,https://en.wikipedia.org/wiki/%27Adhah,"Kohenic family, one of the Twenty-four Priestly divisions"," is the name of several biblical persons:","is the name of"
23479,https://en.wikipedia.org/wiki/%27Adhah,"Son of Shemaiah, and officer to King Jehoiakim of Judah."," is the name of several biblical persons:","is the name of"
23480,https://en.wikipedia.org/wiki/%27Adhah,"He was one of the officers present at the delivery of a scroll sent by Jeremiah, (Jer.36:12) and one of those who asked the king not to burn the scroll."," is the name of several biblical persons:","is the name of"
23481,https://en.wikipedia.org/wiki/%27Adhah,"(ibid."," is the name of several biblical persons:","is the name of"
23482,https://en.wikipedia.org/wiki/%27Adhah,"36:25)"," is the name of several biblical persons:","is the name of"
23483,https://en.wikipedia.org/wiki/%27Adhah,"Son of Elioenai, a descendant of the royal Davidic line through Jeconiah."," is the name of several biblical persons:","is the name of"
23484,https://en.wikipedia.org/wiki/%27Adhah,"(1 Chr.3:24)"," is the name of several biblical persons:","is the name of"
23485,https://en.wikipedia.org/wiki/%27Adhah,"The head of a family that came up from the Babylonian exile with Zerubbabel, that was unable to give its ancestral genealogy."," is the name of several biblical persons:","is the name of"
23486,https://en.wikipedia.org/wiki/%27Adhah,"(Ezr.2:60, Neh.7:62)"," is the name of several biblical persons:","is the name of"
23487,https://en.wikipedia.org/wiki/%27Adhah,"Son of Mehetabel and father of Shemaiah."," is the name of several biblical persons:","is the name of"
23488,https://en.wikipedia.org/wiki/%27Adhah,"(Neh.6:10) He is probably identical to the previous entry."," is the name of several biblical persons:","is the name of"
23489,https://en.wikipedia.org/wiki/%27Adhah,"A descendant of Issachar (Judges 10:1).","Dodo (Hebrew דּוֹדוֹ dodo "his beloved" or "his uncle" from דּוֹד dod meaning "beloved" or "father's brother") is a name given to three persons in the Bible:","is"
23490,https://en.wikipedia.org/wiki/%27Adhah,"An Ahohite, father of Eleazar, who was one of David's three mighty men who were over the thirty.","Dodo (Hebrew דּוֹדוֹ dodo "his beloved" or "his uncle" from דּוֹד dod meaning "beloved" or "father's brother") is a name given to three persons in the Bible:","is"
23491,https://en.wikipedia.org/wiki/%27Adhah,"(2 Samuel 23:9; 1 Chronicles 11:12)","Dodo (Hebrew דּוֹדוֹ dodo "his beloved" or "his uncle" from דּוֹד dod meaning "beloved" or "father's brother") is a name given to three persons in the Bible:","is"
23492,https://en.wikipedia.org/wiki/%27Adhah,"A man from Bethlehem, and father of Elhanan, who was one of David's thirty heroes (2 Samuel 23:24).","Dodo (Hebrew דּוֹדוֹ dodo "his beloved" or "his uncle" from דּוֹד dod meaning "beloved" or "father's brother") is a name given to three persons in the Bible:","is"
23493,https://en.wikipedia.org/wiki/%27Adhah,"The father of Gaal, mentioned in Judges 9.","EEbed","is"
23494,https://en.wikipedia.org/wiki/%27Adhah,"The son of Jonathan, one of the heads of household who returned from the Babylonian exile in the Book of Ezra (Ezra 1:6).","EEbed","is"
23495,https://en.wikipedia.org/wiki/%27Adhah,"Elah was the father of King Hoshea of Israel (2 Kings 17:1, 18:1)","Elah","is"
23496,https://en.wikipedia.org/wiki/%27Adhah,"Elah was the name of an Edomite clan (possibly the name of an eponymous chieftain) mentioned in Genesis 36:31–43.","Elah","is"
23497,https://en.wikipedia.org/wiki/%27Adhah,"The son of Shaphan, who was chosen by King Zedekiah of Judah to be one of the two messengers to take Jeremiah's letter to Nebuchadnezzar (Jeremiah 29:3)  He was probably the brother of Ahikam, who had taken Jermiah's part at the time of his arrest after the temple sermon ","Elasah or Eleasah (Hebrew: אלעשה meaning 'made by God') was the name of four individuals mentioned in the Bible:","is the name of"
23498,https://en.wikipedia.org/wiki/%27Adhah,"One of the sons of Pashur who was rebuked for marrying a foreign women (Ezra 10:18–19)","Elasah or Eleasah (Hebrew: אלעשה meaning 'made by God') was the name of four individuals mentioned in the Bible:","is the name of"
23499,https://en.wikipedia.org/wiki/%27Adhah,"The son of Helez, a Jerahmeelite (1 Chronicles 2:39–40).","Elasah or Eleasah (Hebrew: אלעשה meaning 'made by God') was the name of four individuals mentioned in the Bible:","is the name of"
23500,https://en.wikipedia.org/wiki/%27Adhah,"He is called "Eleasah" in the King James Bible.","Elasah or Eleasah (Hebrew: אלעשה meaning 'made by God') was the name of four individuals mentioned in the Bible:","is the name of"
23501,https://en.wikipedia.org/wiki/%27Adhah,"A descendant of Saul according to 1 Chronicles 8:37.","Elasah or Eleasah (Hebrew: אלעשה meaning 'made by God') was the name of four individuals mentioned in the Bible:","is the name of"
23502,https://en.wikipedia.org/wiki/%27Adhah,"He is called "Eleasah" in the King James Bible.","Elasah or Eleasah (Hebrew: אלעשה meaning 'made by God') was the name of four individuals mentioned in the Bible:","is the name of"
23503,https://en.wikipedia.org/wiki/%27Adhah,"The son of David, who was originally called Beeliada.","Eliada (rendered once as Eliadah by the King James Bible) is the name of three individuals in the Hebrew Bible.","is the name of"
23504,https://en.wikipedia.org/wiki/%27Adhah,"A Benjamite captain in the time of king Jehoshaphat.","Eliada (rendered once as Eliadah by the King James Bible) is the name of three individuals in the Hebrew Bible.","is the name of"
23505,https://en.wikipedia.org/wiki/%27Adhah,"The father of Rezon the Syrian, spelled "Eliadah" in the King James Version.","Eliada (rendered once as Eliadah by the King James Bible) is the name of three individuals in the Hebrew Bible.","is the name of"
23506,https://en.wikipedia.org/wiki/%27Adhah,"Eliphelet is the name given to a son of David in 2 Samuel 5:16, and 1 Chronicles 3:8 and 14:7.","" It is the name of several figures in the Hebrew Bible, and appears under several spellings.","appears"
23507,https://en.wikipedia.org/wiki/%27Adhah,"Due to a textual error, Chronicles records Eliphelet twice, as if it were the name of two different sons of David.","" It is the name of several figures in the Hebrew Bible, and appears under several spellings.","appears"
23508,https://en.wikipedia.org/wiki/%27Adhah,"Eliphal, son of Ur (2 Samuel 23:34) or Ahasbai (1 Chronicles 11:35), is listed as one of David's Mighty Warriors.","" It is the name of several figures in the Hebrew Bible, and appears under several spellings.","appears"
23509,https://en.wikipedia.org/wiki/%27Adhah,"The Encyclopaedia Biblica claims that "Eliphal" is likely a scribal error for "Eliphelet.","" It is the name of several figures in the Hebrew Bible, and appears under several spellings.","appears"
23511,https://en.wikipedia.org/wiki/%27Adhah,"Eliphal son of Eshek appears in a genealogy of the Tribe of Benjamin (1 Chronicles 8:39).","" It is the name of several figures in the Hebrew Bible, and appears under several spellings.","appears"
23512,https://en.wikipedia.org/wiki/%27Adhah,"An Eliphelet is named among the "descendants of Adonikam," one of the groups that returned with Ezra from the Babylonian captivity according to Ezra 8:13.","" It is the name of several figures in the Hebrew Bible, and appears under several spellings.","appears"
23513,https://en.wikipedia.org/wiki/%27Adhah,"An Eliphelet, one of the "descendants of Hashum," is listed as one of the men who married foreign women according to Ezra 10:33.","" It is the name of several figures in the Hebrew Bible, and appears under several spellings.","appears"
23514,https://en.wikipedia.org/wiki/%27Adhah,"An Elioenai appears in 1 Chronicles 3:23–24: the son of Neariah, the son of Shemaiah, the son of Shecaniah, a descendant of king Jeconiah.","Elioenai is the name of several minor persons found in the Hebrew Bible.","is the name of"
23515,https://en.wikipedia.org/wiki/%27Adhah,"A clan leader in the Tribe of Simeon, according to 1 Chronicles 4:36.","Elioenai is the name of several minor persons found in the Hebrew Bible.","is the name of"
23516,https://en.wikipedia.org/wiki/%27Adhah,"Elioenai son of Becher, a descendant of the Tribe of Benjamin according 1 Chronicles 7:8.","Elioenai is the name of several minor persons found in the Hebrew Bible.","is the name of"
23517,https://en.wikipedia.org/wiki/%27Adhah,"A descendant of Pashhur, one of the priests listed as having married foreign women (Ezra 10:22).","Elioenai is the name of several minor persons found in the Hebrew Bible.","is the name of"
23518,https://en.wikipedia.org/wiki/%27Adhah,"A descendant of Zattu, also listed with those who had foreign wives (Ezra 10:27).","Elioenai is the name of several minor persons found in the Hebrew Bible.","is the name of"
23519,https://en.wikipedia.org/wiki/%27Adhah,"A priest involved in the dedication of the wall of Jerusalem according to Nehemiah 12:41.","Elioenai is the name of several minor persons found in the Hebrew Bible.","is the name of"
23520,https://en.wikipedia.org/wiki/%27Adhah,"This may be the same as the descendant of Passhur (above).","Elioenai is the name of several minor persons found in the Hebrew Bible.","is the name of"
23521,https://en.wikipedia.org/wiki/%27Adhah,"Elioenai or Elihoenai, son of Meshelemiah, son of Korah (1 Chronicles 26:3).","Elioenai is the name of several minor persons found in the Hebrew Bible.","is the name of"
23522,https://en.wikipedia.org/wiki/%27Adhah,"A son of Zebulun according to  Genesis 46:14 and Numbers 26:26.","Elon (Hebrew: אֵילֹן‎, Modern: Elon, Tiberian: 'Êlōn, "Oak") was the name of two individuals mentioned in the Bible:","is the name of"
23523,https://en.wikipedia.org/wiki/%27Adhah,"He was one of the 70 souls to migrate to Egypt with Jacob.","Elon (Hebrew: אֵילֹן‎, Modern: Elon, Tiberian: 'Êlōn, "Oak") was the name of two individuals mentioned in the Bible:","is the name of"
23524,https://en.wikipedia.org/wiki/%27Adhah,"Elon, one of the judges of Israel.","Elon (Hebrew: אֵילֹן‎, Modern: Elon, Tiberian: 'Êlōn, "Oak") was the name of two individuals mentioned in the Bible:","is the name of"
23525,https://en.wikipedia.org/wiki/%27Adhah,"Elzabad appears ninth in a list of eleven warriors from the Tribe of Gad who, according to 1 Chronicles 12:12, joined forces with David "at the stronghold in the wilderness."","Elzabad is the name of two biblical figures.","is the name of"
23526,https://en.wikipedia.org/wiki/%27Adhah,"Elzabad, the son of Shemaiah, the son of Obed-edom, is listed as a Korahite porter in 1 Chronicles 26:7.","Elzabad is the name of two biblical figures.","is the name of"
23527,https://en.wikipedia.org/wiki/%27Adhah,"A son of Gad (Genesis46:16).","Ezbon is the name of two people mentioned in the Bible:","is the name of"
23528,https://en.wikipedia.org/wiki/%27Adhah,"In Numbers26:16 his name is given as Ozni, whose descendants constitute the Oznite clan.","Ezbon is the name of two people mentioned in the Bible:","is the name of"
23529,https://en.wikipedia.org/wiki/%27Adhah,"A son of Benjamin (1 Chr.7:7).","Ezbon is the name of two people mentioned in the Bible:","is the name of"
23530,https://en.wikipedia.org/wiki/%27Adhah,"Gemariah son of Shaphan in chapter 36 of Jeremiah.","Gemariah (Hebrew: גמריה) is the name of at least two biblical characters:","is the name of"
23531,https://en.wikipedia.org/wiki/%27Adhah,"His own son Micaiah hears Jeremiah's secretary Baruch read Jeremiah's prophecies against the nation, and reports to a meeting of the court officials, including his father, nearby.","Gemariah (Hebrew: גמריה) is the name of at least two biblical characters:","is the name of"
23532,https://en.wikipedia.org/wiki/%27Adhah,"This leads to the scroll being read before king Jehoiakim, who cuts it up and burns it despite the protestations of Gemariah and Elnathan ben Achbor.","Gemariah (Hebrew: גמריה) is the name of at least two biblical characters:","is the name of"
23533,https://en.wikipedia.org/wiki/%27Adhah,"Gemariah son of Hilkiah, one of the envoys whom King Zedekiah sent to Babylonia (Jeremiah 29:3) Nothing else is known of him; he was hardly the brother of Jeremiah, whose father was also named Hilkiah.","Gemariah (Hebrew: גמריה) is the name of at least two biblical characters:","is the name of"
23534,https://en.wikipedia.org/wiki/%27Adhah,"In Genesis46:21 Gera is the fourth of ten sons of Benjamin.","Hebrew: גרא Ger'a","is"
23535,https://en.wikipedia.org/wiki/%27Adhah,"Gera is also the name of the father of Shimei (2 Samuel 19:16)","Hebrew: גרא Ger'a","is"
23536,https://en.wikipedia.org/wiki/%27Adhah,"Gera is also the name of two of the sons of Bela (see above), making both nephews of the earlier Gera.","Hebrew: גרא Ger'a","is"
23537,https://en.wikipedia.org/wiki/%27Adhah,"(1 Chronicles8:3,5)","Hebrew: גרא Ger'a","is"
23538,https://en.wikipedia.org/wiki/%27Adhah,"Gera is also the name of the father of Ehud, a "Benjamite, a man left-handed" – Book of Judges, 3:15.","Hebrew: גרא Ger'a","is"
23539,https://en.wikipedia.org/wiki/%27Adhah,"Hananiah son of Zerubbabel, the father of Jeshaiah, was a descendant of David.","Hananiah (Hebrew: חנניה, which means "My Grace is the Lord") is the name of several biblical characters:","is the name of"
23540,https://en.wikipedia.org/wiki/%27Adhah,"Hananiah son of Azur, a prophet in the time of king Zedekiah.","Hananiah (Hebrew: חנניה, which means "My Grace is the Lord") is the name of several biblical characters:","is the name of"
23541,https://en.wikipedia.org/wiki/%27Adhah,"He prophesied a return from the exile in Babylon within two years and was denounced by Jeremiah as a false prophet as a result.","Hananiah (Hebrew: חנניה, which means "My Grace is the Lord") is the name of several biblical characters:","is the name of"
23542,https://en.wikipedia.org/wiki/%27Adhah,"He died within a year of the denunciation.","Hananiah (Hebrew: חנניה, which means "My Grace is the Lord") is the name of several biblical characters:","is the name of"
23543,https://en.wikipedia.org/wiki/%27Adhah,"Hananiah, appointed by Nehemiah, jointly with Hanani, to be responsible for the security of Jerusalem after its walls had been rebuilt.","Hananiah (Hebrew: חנניה, which means "My Grace is the Lord") is the name of several biblical characters:","is the name of"
23544,https://en.wikipedia.org/wiki/%27Adhah,"Nehemiah described him as "a faithful man [who] feared God more than many".","Hananiah (Hebrew: חנניה, which means "My Grace is the Lord") is the name of several biblical characters:","is the name of"
23545,https://en.wikipedia.org/wiki/%27Adhah,"Head of the third of twenty-four priestly divisions instituted by King David.","Harim (Hebrew: חָרִם‎; "destroyed" or "dedicated to God") was the name of three biblical patriarchs:","is the name of"
23546,https://en.wikipedia.org/wiki/%27Adhah,"(1 Chr.24:8)","Harim (Hebrew: חָרִם‎; "destroyed" or "dedicated to God") was the name of three biblical patriarchs:","is the name of"
23547,https://en.wikipedia.org/wiki/%27Adhah,"Head of a non-priestly family, with 320 members, which returned with Zerubbabel.","Harim (Hebrew: חָרִם‎; "destroyed" or "dedicated to God") was the name of three biblical patriarchs:","is the name of"
23548,https://en.wikipedia.org/wiki/%27Adhah,"(Ezr.2:32, Neh.7:35) Eight members of this family were found to have married gentile women, whom they divorced.","Harim (Hebrew: חָרִם‎; "destroyed" or "dedicated to God") was the name of three biblical patriarchs:","is the name of"
23549,https://en.wikipedia.org/wiki/%27Adhah,"(Ezr.10:31) Harim's son Malchijah was one of those who helped repair the walls of Jerusalem, including the Tower of the Furnaces.","Harim (Hebrew: חָרִם‎; "destroyed" or "dedicated to God") was the name of three biblical patriarchs:","is the name of"
23550,https://en.wikipedia.org/wiki/%27Adhah,"(Neh.3:11) His seal was on the renewed covenant with God made by the Babylonian returnees.","Harim (Hebrew: חָרִם‎; "destroyed" or "dedicated to God") was the name of three biblical patriarchs:","is the name of"
23551,https://en.wikipedia.org/wiki/%27Adhah,"(Neh.10:28)","Harim (Hebrew: חָרִם‎; "destroyed" or "dedicated to God") was the name of three biblical patriarchs:","is the name of"
23552,https://en.wikipedia.org/wiki/%27Adhah,"Head of a priestly family, with 1017 members, which returned with Zerubbabel.","Harim (Hebrew: חָרִם‎; "destroyed" or "dedicated to God") was the name of three biblical patriarchs:","is the name of"
23553,https://en.wikipedia.org/wiki/%27Adhah,"(Ezr.2:39, Neh.7:42) Five members of this family were found to have married gentile women, whom they divorced.","Harim (Hebrew: חָרִם‎; "destroyed" or "dedicated to God") was the name of three biblical patriarchs:","is the name of"
23554,https://en.wikipedia.org/wiki/%27Adhah,"(Ezr.10:21) His seal was also on the renewed covenant.","Harim (Hebrew: חָרִם‎; "destroyed" or "dedicated to God") was the name of three biblical patriarchs:","is the name of"
23555,https://en.wikipedia.org/wiki/%27Adhah,"(Neh.10:6) The head of his family at the time of the return was Adna.","Harim (Hebrew: חָרִם‎; "destroyed" or "dedicated to God") was the name of three biblical patriarchs:","is the name of"
23556,https://en.wikipedia.org/wiki/%27Adhah,"(Neh.12:152)","Harim (Hebrew: חָרִם‎; "destroyed" or "dedicated to God") was the name of three biblical patriarchs:","is the name of"
23557,https://en.wikipedia.org/wiki/%27Adhah,"A son of Neariah and descendant of David mentioned in the royal genealogy of 1 Chronicles 3.","In some Bibles the variant spellings Hizkiah and Hizkijah occur.","occur"
23558,https://en.wikipedia.org/wiki/%27Adhah,"A figure mentioned in passing in Ezra 2:16 and Nehemiah 7:21, as the ancestor of some of the exiles who returned from the Babylonian captivity.","In some Bibles the variant spellings Hizkiah and Hizkijah occur.","occur"
23559,https://en.wikipedia.org/wiki/%27Adhah,"An ancestor of the prophet Zephaniah.","In some Bibles the variant spellings Hizkiah and Hizkijah occur.","occur"
23560,https://en.wikipedia.org/wiki/%27Adhah,"In Genesis46:9, Hezron is a son of Reuben and the founder of the Hezronites.","Hezron or Hetzron (Hebrew: חֶצְרוֹן‎, Modern: Ḥetsron, Tiberian: Ḥeṣrôn, "Enclosed" ) is the name of two men in Genesis.","is the name of"
23561,https://en.wikipedia.org/wiki/%27Adhah,"In Genesis46:12, Hezron is grandson of Judah and the son of Pharez.","Hezron or Hetzron (Hebrew: חֶצְרוֹן‎, Modern: Ḥetsron, Tiberian: Ḥeṣrôn, "Enclosed" ) is the name of two men in Genesis.","is the name of"
23562,https://en.wikipedia.org/wiki/%27Adhah,"The father of Abdon, in the Book of Judges (Judges 12:13–15).","Hillel of Pirathon","is"
23563,https://en.wikipedia.org/wiki/%27Adhah,"Hodaviah, a clan leader in the Tribe of Manasseh, according to 1 Chronicles 5:24."," The Revised Version and King James Version of the Bible sometimes spell it as Hodaiah,Hodevah, or Hodeiah.","spell"
23564,https://en.wikipedia.org/wiki/%27Adhah,"Hodaviah son of Hassenuah appears as the ancestor of a Benjamite man living in Jerusalem after the Babylonian captivity."," The Revised Version and King James Version of the Bible sometimes spell it as Hodaiah,Hodevah, or Hodeiah.","spell"
23565,https://en.wikipedia.org/wiki/%27Adhah,"  This Hodaviah is called "Judah son of Hassenuah" in Nehemian 11:9."," The Revised Version and King James Version of the Bible sometimes spell it as Hodaiah,Hodevah, or Hodeiah.","spell"
23566,https://en.wikipedia.org/wiki/%27Adhah,"Hodaviah son of Elioenai is described as a descendant of Zerubbabel in 1 Chronicles 3:24"," The Revised Version and King James Version of the Bible sometimes spell it as Hodaiah,Hodevah, or Hodeiah.","spell"
23567,https://en.wikipedia.org/wiki/%27Adhah,"Hori of the house of Simeon was the father of Shaphat, a scout sent to Canaan prior to the crossing of the Jordan River according to Numbers 13:5.","Hori is the personal name of two biblical individuals, as well as being the Hebrew term for a Horite.","is the personal name of"
23568,https://en.wikipedia.org/wiki/%27Adhah,"Hori is recorded as the name of Lotan, the son of Seir the Horite, according to Genesis 36:22.","Hori is the personal name of two biblical individuals, as well as being the Hebrew term for a Horite.","is the personal name of"
23569,https://en.wikipedia.org/wiki/%27Adhah,"Igal son of Joseph of Issachar, a scout sent to Canaan prior to the crossing of the Jordan River according to Numbers 13:7.","Igal is the name of three biblical figures.","is the personal name of"
23570,https://en.wikipedia.org/wiki/%27Adhah,"Igal son of Nathan of Zobah is mentioned only in 2 Samuel 23:36 in a list of David's Mighty Warriors.","Igal is the name of three biblical figures.","is the name of"
23571,https://en.wikipedia.org/wiki/%27Adhah,"Igal son of Shemaiah is listed as a descendant of Zerubbabel in 1 Chronicles 3:22.","Igal is the name of three biblical figures.","is the name of"
23572,https://en.wikipedia.org/wiki/%27Adhah,"This last figure is called Igeal in the King James Version, although his name in Hebrew is the same as the other two Igals.","Igal is the name of three biblical figures.","is the name of"
23573,https://en.wikipedia.org/wiki/%27Adhah,"An Imri is mentioned in passing in the ancestry of a man named Uthai, who according to 1 Chronicles 9:4 lived in Jerusalem after the return from the Babylonian captivity.","Imri is the name of two individuals mentioned in the Hebrew Bible.","is the name of"
23574,https://en.wikipedia.org/wiki/%27Adhah,"A man named "Zakkur son of Imri" is recorded as taking responsibility for a section of the wall in the project of rebuilding the wall of Jerusalem, according to Nehemiah 3:2.","Imri is the name of two individuals mentioned in the Hebrew Bible.","is the name of"
23575,https://en.wikipedia.org/wiki/%27Adhah,"Ishmaiah son of Obadiah was the leader of the Tribe of Zebulun in the time of David, according to 1 Chronicles 27:19.","Ishmaiah (KJVIsmaiah) is the name of two biblical figures.","is the name of"
23576,https://en.wikipedia.org/wiki/%27Adhah,"He is called Samaias in the Septuagint.","Ishmaiah (KJVIsmaiah) is the name of two biblical figures.","is the name of"
23577,https://en.wikipedia.org/wiki/%27Adhah,"Ishmaiah the Gibeonite, according to 1 Chronicles 12:4, was one of David's Mighty Warriors.","Ishmaiah (KJVIsmaiah) is the name of two biblical figures.","is the name of"
23578,https://en.wikipedia.org/wiki/%27Adhah,"Ishvi is the name given to a son of Asher, eponymous founder of the Tribe of Asher, in Genesis 46:17, Numbers 26:44, and 1 Chronicles 7:30.","Ishvi (KJVIshui,Isui, Jesui, and Ishuai) is the name of two figures in the Hebrew Bible.","is the name of"
23579,https://en.wikipedia.org/wiki/%27Adhah,"His descendants are called Ishvites in Numbers 24:44.","Ishvi (KJVIshui,Isui, Jesui, and Ishuai) is the name of two figures in the Hebrew Bible.","is the name of"
23580,https://en.wikipedia.org/wiki/%27Adhah,"Genesis 46 places him in the list of 70 persons who went down into Egypt with Jacob, the father of Asher and the other eleven Tribes of Israel.","Ishvi (KJVIshui,Isui, Jesui, and Ishuai) is the name of two figures in the Hebrew Bible.","is the name of"
23581,https://en.wikipedia.org/wiki/%27Adhah,"Ishvi is the name of a son of Saul in 1 Samuel 14:49.","Ishvi (KJVIshui,Isui, Jesui, and Ishuai) is the name of two figures in the Hebrew Bible.","is the name of"
23582,https://en.wikipedia.org/wiki/%27Adhah,"Ithran, son of Dishon, son of Anah, son of Zibeon, son of Seir the Horite.","Ithran is the name given for two figures in the Hebrew Bible.","is the name of"
23583,https://en.wikipedia.org/wiki/%27Adhah," This Ithran represents the name of a Horite clan.","Ithran is the name given for two figures in the Hebrew Bible.","is"
23584,https://en.wikipedia.org/wiki/%27Adhah,"Ithran, son of Zophah, son of Helem appears in a genealogy of the Tribe of Asher.","Ithran is the name given for two figures in the Hebrew Bible.","is"
23585,https://en.wikipedia.org/wiki/%27Adhah," The Encyclopaedia Biblica identifies the "Jether" of 1 Chronicles 7:38 as probably being identical to this Ithran.","Ithran is the name given for two figures in the Hebrew Bible.","is"
23586,https://en.wikipedia.org/wiki/%27Adhah,"Ittai the Gittite appears alongside 600 soldiers as a Philistine ally of David in the time leading up to Absalom's rebellion.","Ittai (and in Chronicles, Ithai once) is the name given one or two biblical figures:","is"
23587,https://en.wikipedia.org/wiki/%27Adhah," Having only recently arrived in Jerusalem, David gives him an option to return home to Gath, but Ittai confirms his loyalty to David and helps him evacuate the city.","Ittai (and in Chronicles, Ithai once) is the name given one or two biblical figures:","is"
23588,https://en.wikipedia.org/wiki/%27Adhah," During the rebellion itself, he serves as commander of a third of David's army.","Ittai (and in Chronicles, Ithai once) is the name given one or two biblical figures:","is"
23589,https://en.wikipedia.org/wiki/%27Adhah,"Ittai "son of Ribai, from Gibeah, of the children of Benjamin" is listed as one of David's Mighty Warriors.","Ittai (and in Chronicles, Ithai once) is the name given one or two biblical figures:","is"
23590,https://en.wikipedia.org/wiki/%27Adhah," His association with Gibeah and the Tribe of Benjamin "probably" distinguish him from the Gittite Ittai, according to Stanley Arthur Cook.","Ittai (and in Chronicles, Ithai once) is the name given one or two biblical figures:","is"
23591,https://en.wikipedia.org/wiki/%27Adhah," This Benjamite Ittai is once called Ithai in 1 Chronicles 11:31.","Ittai (and in Chronicles, Ithai once) is the name given one or two biblical figures:","is"
23592,https://en.wikipedia.org/wiki/%27Adhah,"Izrahiah son of Uzzi, son of Tola, son of Issachar appears in a genealogy of the Tribe of Issachar.","Izrahiah (Jezrahiah) is the name of two biblical figures.","is"
23593,https://en.wikipedia.org/wiki/%27Adhah,"Izrahiah (KJV Jezrahiah) is, according to Nehemiah 12:42, a leader of singers in a procession headed by Nehemiah.","Izrahiah (Jezrahiah) is the name of two biblical figures.","is"
23594,https://en.wikipedia.org/wiki/%27Adhah,"Jahath son of Reaiah, son of Shobal, son of Judah (son of Jacob) is mentioned in 1 Chronicles 4:2, in a genealogical passage describing the Tribe of Judah.","Jahath is the name of several individuals in the Hebrew Bible.","is"
23595,https://en.wikipedia.org/wiki/%27Adhah,"Jahath is a name applied to various Levites in 1 Chronicles 6:20 (verse 5 in some Bibles), 6:43 (verse 28 in some Bibles), 23:10, 24:22; and 2 Chronicles 34:12.","Jahath is the name of several individuals in the Hebrew Bible."
23596,https://en.wikipedia.org/wiki/%27Adhah,"In 1 Chronicles 4:24, one of the sons of Simeon (son of Jacob) is called Jarib.","Jarib is the name of three individuals in the Hebrew Bible, and a priest whose descendants are named in the First Book of Maccabees.","is named"
23597,https://en.wikipedia.org/wiki/%27Adhah,"In other passages, he is called Jachin.","Jarib is the name of three individuals in the Hebrew Bible, and a priest whose descendants are named in the First Book of Maccabees.","is named"
23598,https://en.wikipedia.org/wiki/%27Adhah,"A Jarib appears in a list of leaders recruited by Ezra to find Levites for the resettlement of Jerusalem.","Jarib is the name of three individuals in the Hebrew Bible, and a priest whose descendants are named in the First Book of Maccabees.","is named"
23599,https://en.wikipedia.org/wiki/%27Adhah,"A priest by the name of Jarib is mentioned in a list of men who married foreign women in Ezra 10:18.","Jarib is the name of three individuals in the Hebrew Bible, and a priest whose descendants are named in the First Book of Maccabees.","is named"
23600,https://en.wikipedia.org/wiki/%27Adhah,"In 1 Maccabees 2:1 and 14:29, Mattathias and his son Simon are described as being "of the posterity of Jarib".","Jarib is the name of three individuals in the Hebrew Bible, and a priest whose descendants are named in the First Book of Maccabees.","is named"
23601,https://en.wikipedia.org/wiki/%27Adhah,"The New English Translation of the Septuagint transliterates the name as Ioarib, while the New American Bible reads Joarib and the Good News Translation reads Jehoiarib.","Jarib is the name of three individuals in the Hebrew Bible, and a priest whose descendants are named in the First Book of Maccabees.","is named"
23602,https://en.wikipedia.org/wiki/%27Adhah,"Jediael son of Shimri  is listed as one of David's warriors in 1 Chronicles 11:45.","There are three individuals in the Hebrew Bible named Jediael.","is"
23603,https://en.wikipedia.org/wiki/%27Adhah,"Jediael, a man from the Tribe of Manasseh, appears in a list of warriors said to have deserted David when he went to Ziklag.","There are three individuals in the Hebrew Bible named Jediael.","is"
23604,https://en.wikipedia.org/wiki/%27Adhah,"Jediael son of Meshelemiah appears in a list of Korahite porters in the time of David.","There are three individuals in the Hebrew Bible named Jediael.","is"
23605,https://en.wikipedia.org/wiki/%27Adhah,"A Jehallelel appears in 1 Chronicles 4:16, in a genealogy of the Tribe of Judah.","Jehallelel (KJVJehaleleel or Jehalelel) is the name of two individuals in the Hebrew Bible.","is"
23676,https://en.wikipedia.org/wiki/%27Afar_Af_language,"short","Vowels and stress","have"
23677,https://en.wikipedia.org/wiki/%27Afar_Af_language,"a","Vowels and stress","have"
23678,https://en.wikipedia.org/wiki/%27Afar_Af_language,"[ʌ]","Vowels and stress","have"
23679,https://en.wikipedia.org/wiki/%27Afar_Af_language,"e","Vowels and stress","have"
23680,https://en.wikipedia.org/wiki/%27Afar_Af_language,"[e]","Vowels and stress","have"
23681,https://en.wikipedia.org/wiki/%27Afar_Af_language,"i","Vowels and stress","have"
23682,https://en.wikipedia.org/wiki/%27Afar_Af_language,"[i]","Vowels and stress","have"
23683,https://en.wikipedia.org/wiki/%27Afar_Af_language,"o","Vowels and stress","have"
23684,https://en.wikipedia.org/wiki/%27Afar_Af_language,"[o]","Vowels and stress","have"
23685,https://en.wikipedia.org/wiki/%27Afar_Af_language,"u","Vowels and stress","have"
23686,https://en.wikipedia.org/wiki/%27Afar_Af_language,"[u]","Vowels and stress","have"
23687,https://en.wikipedia.org/wiki/%27Afar_Af_language,"long","Vowels and stress","have"
23688,https://en.wikipedia.org/wiki/%27Afar_Af_language,"aa","Vowels and stress","have"
23689,https://en.wikipedia.org/wiki/%27Afar_Af_language,"[aː]","Vowels and stress","have"
23690,https://en.wikipedia.org/wiki/%27Afar_Af_language,"ee","Vowels and stress","have"
23691,https://en.wikipedia.org/wiki/%27Afar_Af_language,"[eː]","Vowels and stress","have"
23692,https://en.wikipedia.org/wiki/%27Afar_Af_language,"ii","Vowels and stress","have"
23693,https://en.wikipedia.org/wiki/%27Afar_Af_language,"[iː]","Vowels and stress","have"
23694,https://en.wikipedia.org/wiki/%27Afar_Af_language,"oo","Vowels and stress","have"
23695,https://en.wikipedia.org/wiki/%27Afar_Af_language,"[oː]","Vowels and stress","have"
23696,https://en.wikipedia.org/wiki/%27Afar_Af_language,"uu","Vowels and stress","have"
23697,https://en.wikipedia.org/wiki/%27Afar_Af_language,"[uː]","Vowels and stress","have"
23698,https://en.wikipedia.org/wiki/%27Afar_Af_language,"Loren F. Bliese.","See alsoNotesBibliography","is"
23699,https://en.wikipedia.org/wiki/%27Afar_Af_language,"1976.","See alsoNotesBibliography","is"
23700,https://en.wikipedia.org/wiki/%27Afar_Af_language,""Afar", The Non-Semitic Languages of Ethiopia.","See alsoNotesBibliography","is"
23701,https://en.wikipedia.org/wiki/%27Afar_Af_language,"Ed.","See alsoNotesBibliography","is"
23702,https://en.wikipedia.org/wiki/%27Afar_Af_language,"Lionel M. Bender.","See alsoNotesBibliography","is"
23703,https://en.wikipedia.org/wiki/%27Afar_Af_language,"Ann Arbor, Michigan: African Studies Center, Michigan State University.","See alsoNotesBibliography","is"
23704,https://en.wikipedia.org/wiki/%27Afar_Af_language,"Pages 133–164.","See alsoNotesBibliography","is"
23705,https://en.wikipedia.org/wiki/%27Afar_Af_language,"Loren F. Bliese.","See alsoNotesBibliography","is"
23706,https://en.wikipedia.org/wiki/%27Afar_Af_language,"1981.","See alsoNotesBibliography","is"
23707,https://en.wikipedia.org/wiki/%27Afar_Af_language,"A generative grammar of Afar.","See alsoNotesBibliography","is"
23708,https://en.wikipedia.org/wiki/%27Afar_Af_language,"Summer Institute of Linguistics publications in linguistics vol.","See alsoNotesBibliography","is"
23709,https://en.wikipedia.org/wiki/%27Afar_Af_language,"65.","See alsoNotesBibliography","is"
23710,https://en.wikipedia.org/wiki/%27Afar_Af_language,"Dallas:  Summer Institute of Linguistics and The University of Texas at Arlington.","See alsoNotesBibliography","is"
23711,https://en.wikipedia.org/wiki/%27Afar_Af_language,"ISBN0-88312-083-6.","See alsoNotesBibliography","is"
23712,https://en.wikipedia.org/wiki/%27Afar_Af_language,"J. G. Colby.","See alsoNotesBibliography","is"
23713,https://en.wikipedia.org/wiki/%27Afar_Af_language,"1970.","See alsoNotesBibliography","is"
23714,https://en.wikipedia.org/wiki/%27Afar_Af_language,""Notes on the northern dialect of the Afar language", Journal of Ethiopian Studies 8:1–8.","See alsoNotesBibliography","is"
23715,https://en.wikipedia.org/wiki/%27Afar_Af_language,"R. J. Hayward and Enid M. Parker.","See alsoNotesBibliography","is"
23716,https://en.wikipedia.org/wiki/%27Afar_Af_language,"1985.","See alsoNotesBibliography","is"
23717,https://en.wikipedia.org/wiki/%27Afar_Af_language,"Afar-English-French dictionary with Grammatical Notes in English.","See alsoNotesBibliography","is"
23718,https://en.wikipedia.org/wiki/%27Afar_Af_language,"London:  School of Oriental and African Studies, University of London.","See alsoNotesBibliography","is"
23719,https://en.wikipedia.org/wiki/%27Afar_Af_language,"Richard J. Hayward.","See alsoNotesBibliography","is"
23720,https://en.wikipedia.org/wiki/%27Afar_Af_language,"1998.","See alsoNotesBibliography","is"
23721,https://en.wikipedia.org/wiki/%27Afar_Af_language,""Qafar (West Cushitic)", Handbook of Morphology.","See alsoNotesBibliography","is"
23722,https://en.wikipedia.org/wiki/%27Afar_Af_language,"Ed.","See alsoNotesBibliography","is"
23723,https://en.wikipedia.org/wiki/%27Afar_Af_language,"A. Spencer and A. Zwicky.","See alsoNotesBibliography","is"
23724,https://en.wikipedia.org/wiki/%27Afar_Af_language,"Oxford:  Blackwell.","See alsoNotesBibliography","is"
23725,https://en.wikipedia.org/wiki/%27Afar_Af_language,"Pages 624–647.","See alsoNotesBibliography","is"
23726,https://en.wikipedia.org/wiki/%27Afar_Af_language,"Didier Morin.","See alsoNotesBibliography","is"
23727,https://en.wikipedia.org/wiki/%27Afar_Af_language,"1997.","See alsoNotesBibliography","is"
23728,https://en.wikipedia.org/wiki/%27Afar_Af_language,"Poésie traditionnelle des Afars.","See alsoNotesBibliography","is"
23729,https://en.wikipedia.org/wiki/%27Afar_Af_language,"Langues et cultures africaines, 21 / SELAF vol.","See alsoNotesBibliography","is"
23730,https://en.wikipedia.org/wiki/%27Afar_Af_language,"363.","See alsoNotesBibliography","is"
23731,https://en.wikipedia.org/wiki/%27Afar_Af_language,"Paris/Louvain: Peeters.","See alsoNotesBibliography","is"
23732,https://en.wikipedia.org/wiki/%27Afar_Af_language,"Enid M. Parker.","See alsoNotesBibliography","is"
23733,https://en.wikipedia.org/wiki/%27Afar_Af_language,"2006.","See alsoNotesBibliography","is"
23734,https://en.wikipedia.org/wiki/%27Afar_Af_language,"English–Afar Dictionary.","See alsoNotesBibliography","is"
23735,https://en.wikipedia.org/wiki/%27Afar_Af_language,"Washington DC:  Dunwoody Press.","See alsoNotesBibliography","is"
23736,https://en.wikipedia.org/wiki/%27Afifa_Karam,"Badī'a wa Fu'ād (1906)","Karam's novels and translations include:","include"
23737,https://en.wikipedia.org/wiki/%27Afifa_Karam,"Fāṭima al-Badawīyya (ca.","Karam's novels and translations include:","include"
23738,https://en.wikipedia.org/wiki/%27Afifa_Karam,"1908)","Karam's novels and translations include:","include"
23739,https://en.wikipedia.org/wiki/%27Afifa_Karam,"Ghādat 'Amshīt (ca.","Karam's novels and translations include:","include"
23740,https://en.wikipedia.org/wiki/%27Afifa_Karam,"1910)","Karam's novels and translations include:","include"
23741,https://en.wikipedia.org/wiki/%27Afifa_Karam,"Nānsī Stāyir (1914) [Arabic translation of Nancy Stair by Elinor Macartney Lane]","Karam's novels and translations include:","include"
23742,https://en.wikipedia.org/wiki/%27Afifa_Karam,"Riwāyat 'Ibnat Nā'ib al-Malik (1918) [Arabic translation of Une fille du régent by Alexandre Dumas]","Karam's novels and translations include:","include"
23743,https://en.wikipedia.org/wiki/%27Afifa_Karam,"Muḥammad 'Alī Bāsha al-Kabīr (1919) [Arabic translation of Muhammad Ali und Sein Haus by Luise Muhlbach]","Karam's novels and translations include:","include"
23744,https://en.wikipedia.org/wiki/%27Afu,"The One who blots out and leaves no trace of any sin or fault.","Descriptive meaning of the name","is"
23745,https://en.wikipedia.org/wiki/%27Afu,"The One who passes over and absolves any fault.","Descriptive meaning of the name","is"
23746,https://en.wikipedia.org/wiki/%27Afu,"The One who can remove and obliterate all traces of wrong actions.","Descriptive meaning of the name","is"
23747,https://en.wikipedia.org/wiki/%27Afu,"The One who can make any sin, error or fault disappear.","Descriptive meaning of the name","is"
23748,https://en.wikipedia.org/wiki/%27Afu,"to forgive, pardon","Afuw is said to come from the root 'a-f-a which has the following classical Arabic connotations:","come from"
23749,https://en.wikipedia.org/wiki/%27Afu,"to pass over, forgo, absolve","Afuw is said to come from the root 'a-f-a which has the following classical Arabic connotations:","come from"
23750,https://en.wikipedia.org/wiki/%27Afu,"to obliterate all traces, efface, remove","Afuw is said to come from the root 'a-f-a which has the following classical Arabic connotations:","come from"
23751,https://en.wikipedia.org/wiki/%27Afu,"to kill-off, allow to die","Afuw is said to come from the root 'a-f-a which has the following classical Arabic connotations:","come from"
23752,https://en.wikipedia.org/wiki/%27Afu,"to turn away from punishing, not see, annul","Afuw is said to come from the root 'a-f-a which has the following classical Arabic connotations:","come from"
23753,https://en.wikipedia.org/wiki/%27Afu,"to make unapparent, imperceptible","Afuw is said to come from the root 'a-f-a which has the following classical Arabic connotations:","come from"
23754,https://en.wikipedia.org/wiki/%27Afu,"to give spontaneously, to give without constraint","Afuw is said to come from the root 'a-f-a which has the following classical Arabic connotations:","come from"
23755,https://en.wikipedia.org/wiki/%27Afu,"to give more than what is due","Afuw is said to come from the root 'a-f-a which has the following classical Arabic connotations:","come from"