1001,https://en.wikipedia.org/wiki/%22Cry_Of_Love%22_tour,"At the Isle of Wight, Hendrix was originally scheduled to perform Sunday night, August 30.","Concerts","Nth S is"
1002,https://en.wikipedia.org/wiki/%22Cry_Of_Love%22_tour,"However, "due to a series of logistical delays", he actually performed Monday morning, August 31.","Concerts","Nth S is"
1004,https://en.wikipedia.org/wiki/%22Cry_Of_Love%22_tour,"After playing three songs, Hendrix was unable to continue performing and left; concert goers received refunds.","Concerts","Nth S is"
1006,https://en.wikipedia.org/wiki/%22Damned_Good_Airplane-3%22,"Don Dwiggins.","References","is"
1007,https://en.wikipedia.org/wiki/%22Damned_Good_Airplane-3%22,"They flew the Bendix Race: the history of the competition for the Bendix Trophy.","References","is"
1009,https://en.wikipedia.org/wiki/%22Damned_Good_Airplane-3%22,"Sport Aviation.","References","is"
1010,https://en.wikipedia.org/wiki/%22Damned_Good_Airplane-3%22,"March 1959.","References","is"
1012,https://en.wikipedia.org/wiki/%22Damned_Good_Airplane-3%22,"Bryan Zinn, EAA 184133, Grandson of Vic Zinn, witness to runaway plane incident which damaged aircraft circa 1981.","References","is"
1014,https://en.wikipedia.org/wiki/%22Damned_Good_Airplane-3%22,"Thomas G. Matowitz, Jr. Cleveland's Legacy of Flight.","References","is"
1015,https://en.wikipedia.org/wiki/%22Dead-Red%22_Canal,"Damage to the unique natural system of the Dead Sea, due to mixing its water with Red Sea water, or brines created from the process of desalinating Red Sea water which has a different chemical composition."," These potential effects include:","include"
1016,https://en.wikipedia.org/wiki/%22Dead-Red%22_Canal,"This includes changes in water salinity, massive formation of gypsum, formation of volatile toxic compounds, change in water evaporation rates, changes in the composition of bacteria and algae which inhabit the sea surface, chemical changes in the rocks which surround the water, and loss of unique health benefits that account for much of the tourist attraction to the Dead Sea area."," These potential effects include:","include"
1017,https://en.wikipedia.org/wiki/%22Dead-Red%22_Canal,"Damage to the coral reefs of the Gulf of Aqaba, due to water pumping."," These potential effects include:","include"
1018,https://en.wikipedia.org/wiki/%22Dead-Red%22_Canal,"Damage to the natural landscape and ecosystem of the Arabah, due to the construction, and the increase in humidity caused by the open canal segments."," These potential effects include:","include"
1019,https://en.wikipedia.org/wiki/%22Dead-Red%22_Canal,"Damage to the aquifer of the Arabah, due to contamination of groundwater with water from the Red Sea."," These potential effects include:","include"
1020,https://en.wikipedia.org/wiki/%22Dead-Red%22_Canal,"The alluvial deposits in Wadi Araba contain important supplies of fresh water."," These potential effects include:","include"
1021,https://en.wikipedia.org/wiki/%22Dead-Red%22_Canal,"In the event that the pipeline ruptures (as might happen in the case of an earthquake), these aquifers will be irreparably damaged."," These potential effects include:","include"
1022,https://en.wikipedia.org/wiki/%22Dead-Red%22_Canal,"This can have fatal consequences to both the agriculture and ecosystem of the Arabah."," These potential effects include:","include"
1023,https://en.wikipedia.org/wiki/%22Dead-Red%22_Canal,"Threats to archeological heritage."," These potential effects include:","include"
1024,https://en.wikipedia.org/wiki/%22Dead-Red%22_Canal,"The pipeline will cross areas of important cultural heritage, such as Wadi Finan, where the earliest copper mining and extraction in the world took place."," These potential effects include:","include"
1025,https://en.wikipedia.org/wiki/%22Dean_Harry%22,"^"Wilkinson, Henry (WLKN656H)".","Notes","is"
1026,https://en.wikipedia.org/wiki/%22Dean_Harry%22,"A Cambridge Alumni Database.","Notes","is"
1027,https://en.wikipedia.org/wiki/%22Dean_Harry%22,"University of Cambridge.","Notes","is"
1028,https://en.wikipedia.org/wiki/%22Dirty_Talk%22,""Dirty Talk" — 3:16","Digital single","Nth S is"
1029,https://en.wikipedia.org/wiki/%22Dirty_Talk%22,""Dirty Talk" (Laidback Luke Remix) — 6:31","Dirty Talk Remixes EP (1)","Nth S is"
1030,https://en.wikipedia.org/wiki/%22Dirty_Talk%22,""Dirty Talk" (Kim Fai Remix) — 6:30","Dirty Talk Remixes EP (1)","Nth S is"
1031,https://en.wikipedia.org/wiki/%22Dirty_Talk%22,""Dirty Talk" (Hagenaar & Albrecht Remix) — 5:56","Dirty Talk Remixes EP (1)","Nth S is"
1032,https://en.wikipedia.org/wiki/%22Dirty_Talk%22,""Dirty Talk" (Ocelot Mix) — 7:37","Dirty Talk Remixes EP (1)","Nth S is"
1033,https://en.wikipedia.org/wiki/%22Dirty_Talk%22,""Dirty Talk" (Chew Fu Remix) — 5:26","Dirty Talk Remixes EP (2)","Nth S is"
1034,https://en.wikipedia.org/wiki/%22Dirty_Talk%22,""Dirty Talk" (Electrolightz Remix) — 3:25","Dirty Talk Remixes EP (2)","Nth S is"
1035,https://en.wikipedia.org/wiki/%22Dirty_Talk%22,""Dirty Talk" (Saul Ruiz Remix) — 8:47","Dirty Talk Remixes EP (2)","Nth S is"
1036,https://en.wikipedia.org/wiki/%22Dirty_Talk%22,""Dirty Talk" (Watchmen Remix) — 5:14","Dirty Talk Remixes EP (2)","Nth S is"
1037,https://en.wikipedia.org/wiki/%22Dirty_Talk%22,""Dirty Talk" (Jeremy Word Remix) — 6:16","Dirty Talk Remixes EP (2)","Nth S is"
1038,https://en.wikipedia.org/wiki/%22Dirty_Talk%22,""Dirty Talk" — 3:16","Dirty Talk EP","Nth S is"
1039,https://en.wikipedia.org/wiki/%22Dirty_Talk%22,""Dirty Talk" (Laidback Luke Remix) — 6:31","Dirty Talk EP","Nth S is"
1040,https://en.wikipedia.org/wiki/%22Dirty_Talk%22,""Dirty Talk" (Chew Fu Remix) — 5:26","Dirty Talk EP","Nth S is"
1041,https://en.wikipedia.org/wiki/%22Dirty_Talk%22,""Dirty Talk" (Saul Ruiz Remix) — 8:47","Dirty Talk EP","Nth S is"
1042,https://en.wikipedia.org/wiki/%22Dirty_Talk%22,""Dirty Talk" (Electrolightz Remix) — 3:25","Dirty Talk EP","Nth S is"
1043,https://en.wikipedia.org/wiki/%22Dirty_Talk%22,""Dirty Talk" (Jeremy Word Remix) — 6:16","Dirty Talk EP","Nth S is"
1044,https://en.wikipedia.org/wiki/%22Dirty_Talk%22,""Dirty Talk" (Watchmen Remix) — 5:14","Dirty Talk EP","Nth S is"
1045,https://en.wikipedia.org/wiki/%22Dirty_Talk%22,""Dirty Talk" (Hagenaar & Albrecht Remix) — 5:56","Dirty Talk EP","Nth S is"
1046,https://en.wikipedia.org/wiki/%22Dirty_Talk%22,""Dirty Talk" (Kim Fai Remix) — 6:30","Dirty Talk EP","Nth S is"
1047,https://en.wikipedia.org/wiki/%22Disco%22_La_Passione,""'Disco' La Passione" (Film Version) -4.54","European 2 track CD single","Nth S is"
1048,https://en.wikipedia.org/wiki/%22Disco%22_La_Passione,""'Disco' La Passione" (Adams and Gielen 12 Inch Mix) -5.22","European 2 track CD single","Nth S is"
1049,https://en.wikipedia.org/wiki/%22Disco%22_La_Passione,""'Disco' La Passione" (Film Version) -4.54","UK 3 track maxi CD single and 12" vinyl single","Nth S is"
1050,https://en.wikipedia.org/wiki/%22Disco%22_La_Passione,""'Disco' La Passione" (Adams and Gielen 12 Inch Mix) -5.22","UK 3 track maxi CD single and 12" vinyl single","Nth S is"
1051,https://en.wikipedia.org/wiki/%22Disco%22_La_Passione,""'Disco' La Passione" (Adams and Gielen 7 Inch Mix) -3.21","UK 3 track maxi CD single and 12" vinyl single","Nth S is"
1052,https://en.wikipedia.org/wiki/%22Disco%22_La_Passione,""Horses" (Instrumental) -3.05","UK 3 track maxi CD single and 12" vinyl single","Nth S is"
1053,https://en.wikipedia.org/wiki/%22Doc%22_Shiels,"^Cousins, Steven (1995).","References","is"
1054,https://en.wikipedia.org/wiki/%22Doc%22_Shiels,"Tony Shiels.","References","is"
1055,https://en.wikipedia.org/wiki/%22Doc%22_Shiels,"Mark Space Publications.","References","is"
1056,https://en.wikipedia.org/wiki/%22Doc%22_Shiels,"ISBN1871315549.","References","is"
1057,https://en.wikipedia.org/wiki/%22Doc%22_Shiels,"^Whybrow, Marion (1994).","References","is"
1058,https://en.wikipedia.org/wiki/%22Doc%22_Shiels,"St Ives 1883-1993 Portrait of an art colony.","References","is"
1059,https://en.wikipedia.org/wiki/%22Doc%22_Shiels,"Suffolk: The Antique Collectors Club.","References","is"
1060,https://en.wikipedia.org/wiki/%22Doc%22_Shiels,"ISBN1851491708.","References","is"
1061,https://en.wikipedia.org/wiki/%22Doc%22_Shiels,"^Monstermind: The magical life and art of Tony 'Doc' Shiels Antenna Publications ISBN978-0993216411","References","is"
1062,https://en.wikipedia.org/wiki/%22Doc%22_Shiels,"White, Rupert (2015)Antenna Publications","References","is"
1063,https://en.wikipedia.org/wiki/%22Doc%22_Shiels,"^","References","is"
1064,https://en.wikipedia.org/wiki/%22Doc%22_Shiels,"Shiels, Tony 'Doc' (Summer 1974).","References","is"
1065,https://en.wikipedia.org/wiki/%22Doc%22_Shiels,""The tent-show summers".","References","is"
1066,https://en.wikipedia.org/wiki/%22Doc%22_Shiels,"The Cornish Review (26): 43.","References","is"
1067,https://en.wikipedia.org/wiki/%22Doc%22_Shiels,"^","References","is"
1068,https://en.wikipedia.org/wiki/%22Doc%22_Shiels,""Daily Mirror".","References","is"
1069,https://en.wikipedia.org/wiki/%22Doc%22_Shiels,"September 6, 1977.","References","is"
1070,https://en.wikipedia.org/wiki/%22Doc%22_Shiels,"^Downes, Jonathan (1997).","References","is"
1071,https://en.wikipedia.org/wiki/%22Doc%22_Shiels,"The Owlman and Others.","References","is"
1072,https://en.wikipedia.org/wiki/%22Doc%22_Shiels,"Bideford: CFZ Press.","References","is"
1073,https://en.wikipedia.org/wiki/%22Doc%22_Shiels,"ISBN9781905723027.","References","is"
1074,https://en.wikipedia.org/wiki/%22Doc%22_Shiels,"^","References","is"
1075,https://en.wikipedia.org/wiki/%22Doc%22_Shiels,"Shiels, Tony 'Doc' (1990).","References","is"
1076,https://en.wikipedia.org/wiki/%22Doc%22_Shiels,"Monstrum: a wizards tale.","References","is"
1077,https://en.wikipedia.org/wiki/%22Doc%22_Shiels,"Fortean Tomes.","References","is"
1078,https://en.wikipedia.org/wiki/%22Doc%22_Shiels,"^Monstermind: The magical life and art of Tony 'Doc' Shiels.","References","is"
1079,https://en.wikipedia.org/wiki/%22Doc%22_Shiels,"Antenna Publications ISBN978-0993216411","References","is"
1080,https://en.wikipedia.org/wiki/%22Doctor_Death%22_Steve_Williams,"^","Championships and accomplishmentsSee alsoNotes","is"
1081,https://en.wikipedia.org/wiki/%22Doctor_Death%22_Steve_Williams,"This promotion, while operating out of the same area and using some of the same regional championships, is not the same promotion once owned by Jim Crockett Jr. and did not begin operating until the mid-1990s.","Championships and accomplishmentsSee alsoNotes","is"
1082,https://en.wikipedia.org/wiki/%22Doctor_Death%22_Steve_Williams,"^","Championships and accomplishmentsSee alsoNotes","is"
1083,https://en.wikipedia.org/wiki/%22Doctor_Death%22_Steve_Williams,"Gordy and Williams unified the WCW World Tag Team Championship with the NWA World Tag Team Championship after winning the NWA title in a tag team tournament.","Championships and accomplishmentsSee alsoNotes","is"
1084,https://en.wikipedia.org/wiki/%22Doctor_Death%22_Steve_Williams,"This happened nearly four years after Ted Turner's purchase of Mid-Atlantic Championship Wrestling from Jim Crockett Jr.","Championships and accomplishmentsSee alsoNotes","is"
1085,https://en.wikipedia.org/wiki/%22Doctor_Death%22_Steve_Williams,"He renamed the promotion World Championship Wrestling, but it remained an NWA affiliate until September 1993.","Championships and accomplishmentsSee alsoNotes","is"
1086,https://en.wikipedia.org/wiki/%22Doctor_Death%22_Steve_Williams,"As a result, the two titles were separated once more and Gordy and Williams were then recognized as having two separate title reigns with two different titles rather than one unified reign.","Championships and accomplishmentsSee alsoNotes","is"
1087,https://en.wikipedia.org/wiki/%22Dr._Death%22_Steve_Williams,"^","Championships and accomplishmentsSee alsoNotes","is"
1088,https://en.wikipedia.org/wiki/%22Dr._Death%22_Steve_Williams,"This promotion, while operating out of the same area and using some of the same regional championships, is not the same promotion once owned by Jim Crockett Jr. and did not begin operating until the mid-1990s.","Championships and accomplishmentsSee alsoNotes","is"
1089,https://en.wikipedia.org/wiki/%22Dr._Death%22_Steve_Williams,"^","Championships and accomplishmentsSee alsoNotes","is"
1090,https://en.wikipedia.org/wiki/%22Dr._Death%22_Steve_Williams,"Gordy and Williams unified the WCW World Tag Team Championship with the NWA World Tag Team Championship after winning the NWA title in a tag team tournament.","Championships and accomplishmentsSee alsoNotes","is"
1091,https://en.wikipedia.org/wiki/%22Dr._Death%22_Steve_Williams,"This happened nearly four years after Ted Turner's purchase of Mid-Atlantic Championship Wrestling from Jim Crockett Jr.","Championships and accomplishmentsSee alsoNotes","is"
1092,https://en.wikipedia.org/wiki/%22Dr._Death%22_Steve_Williams,"He renamed the promotion World Championship Wrestling, but it remained an NWA affiliate until September 1993.","Championships and accomplishmentsSee alsoNotes","is"
1093,https://en.wikipedia.org/wiki/%22Dr._Death%22_Steve_Williams,"As a result, the two titles were separated once more and Gordy and Williams were then recognized as having two separate title reigns with two different titles rather than one unified reign.","Championships and accomplishmentsSee alsoNotes","is"
1094,https://en.wikipedia.org/wiki/%22Dr_Death%22_Steve_Williams,"^","Championships and accomplishmentsSee alsoNotes","is"
1095,https://en.wikipedia.org/wiki/%22Dr_Death%22_Steve_Williams,"This promotion, while operating out of the same area and using some of the same regional championships, is not the same promotion once owned by Jim Crockett Jr. and did not begin operating until the mid-1990s.","Championships and accomplishmentsSee alsoNotes","is"
1096,https://en.wikipedia.org/wiki/%22Dr_Death%22_Steve_Williams,"^","Championships and accomplishmentsSee alsoNotes","is"
1097,https://en.wikipedia.org/wiki/%22Dr_Death%22_Steve_Williams,"Gordy and Williams unified the WCW World Tag Team Championship with the NWA World Tag Team Championship after winning the NWA title in a tag team tournament.","Championships and accomplishmentsSee alsoNotes","is"
1098,https://en.wikipedia.org/wiki/%22Dr_Death%22_Steve_Williams,"This happened nearly four years after Ted Turner's purchase of Mid-Atlantic Championship Wrestling from Jim Crockett Jr.","Championships and accomplishmentsSee alsoNotes","is"
1099,https://en.wikipedia.org/wiki/%22Dr_Death%22_Steve_Williams,"He renamed the promotion World Championship Wrestling, but it remained an NWA affiliate until September 1993.","Championships and accomplishmentsSee alsoNotes","is"
1100,https://en.wikipedia.org/wiki/%22Dr_Death%22_Steve_Williams,"As a result, the two titles were separated once more and Gordy and Williams were then recognized as having two separate title reigns with two different titles rather than one unified reign.","Championships and accomplishmentsSee alsoNotes","is"
1101,https://en.wikipedia.org/wiki/%22Dumky%22_Trio,"Lento maestoso — Allegro quasi doppio movimento (E minor – E major)","The piece is in six sections:","Nth S is"
1102,https://en.wikipedia.org/wiki/%22Dumky%22_Trio,"Poco adagio — Vivace non troppo — Vivace (C","The piece is in six sections:","Nth S is"
1103,https://en.wikipedia.org/wiki/%22Dumky%22_Trio,"♯ minor)","The piece is in six sections:","Nth S is"
1104,https://en.wikipedia.org/wiki/%22Dumky%22_Trio,"Andante — Vivace non troppo — Allegretto (A major – A minor – A major)","The piece is in six sections:","Nth S is"
1105,https://en.wikipedia.org/wiki/%22Dumky%22_Trio,"Andante moderato — Allegretto scherzando — Quasi tempo di marcia (D minor – D major)","The piece is in six sections:","Nth S is"
1106,https://en.wikipedia.org/wiki/%22Dumky%22_Trio,"Allegro (E","The piece is in six sections:","Nth S is"
1107,https://en.wikipedia.org/wiki/%22Dumky%22_Trio,"♭ major – E","The piece is in six sections:","Nth S is"
1108,https://en.wikipedia.org/wiki/%22Dumky%22_Trio,"♭ minor)","The piece is in six sections:","Nth S is"
1109,https://en.wikipedia.org/wiki/%22Dumky%22_Trio,"Lento maestoso (C minor – C major)","The piece is in six sections:","Nth S is"
1110,https://en.wikipedia.org/wiki/%22Dumky%22_Trio,"ab","DiscographyReferences","is"
1111,https://en.wikipedia.org/wiki/%22Dumky%22_Trio,"Keller, James.","DiscographyReferences","is"
1112,https://en.wikipedia.org/wiki/%22Dumky%22_Trio,"Chamber Music: A Listener's Guide.","DiscographyReferences","is"
1113,https://en.wikipedia.org/wiki/%22Dumky%22_Trio,"New York: Oxford University Press, 2011.","DiscographyReferences","is"
1114,https://en.wikipedia.org/wiki/%22Dumky%22_Trio,"^Way, Joseph.","DiscographyReferences","is"
1115,https://en.wikipedia.org/wiki/%22Dumky%22_Trio,""Antonin Dvorák (1841–1904)".","DiscographyReferences","is"
1116,https://en.wikipedia.org/wiki/%22Dumky%22_Trio,"Sierra Chamber Society Program Notes.","DiscographyReferences","is"
1117,https://en.wikipedia.org/wiki/%22Dumky%22_Trio,"Archived from the original on 2006-10-14.","DiscographyReferences","is"
1118,https://en.wikipedia.org/wiki/%22Dumky%22_Trio,"^","DiscographyReferences","is"
1119,https://en.wikipedia.org/wiki/%22Dumky%22_Trio,"Ulrich, Homer (1966).","DiscographyReferences","is"
1120,https://en.wikipedia.org/wiki/%22Dumky%22_Trio,"Chamber Music, 2nd Edition.","DiscographyReferences","is"
1121,https://en.wikipedia.org/wiki/%22Dumky%22_Trio,"Columbia University Press.","DiscographyReferences","is"
1122,https://en.wikipedia.org/wiki/%22Dumky%22_Trio,"^","DiscographyReferences","is"
1123,https://en.wikipedia.org/wiki/%22Dumky%22_Trio,"Felsenfeld, Daniel (2006).","DiscographyReferences","is"
1124,https://en.wikipedia.org/wiki/%22Dumky%22_Trio,""Dvořák Chamber Music".","DiscographyReferences","is"
1125,https://en.wikipedia.org/wiki/%22Dumky%22_Trio,"In Dvořák Trios (p. 4) [CD booklet].","DiscographyReferences","is"
1126,https://en.wikipedia.org/wiki/%22Dumky%22_Trio,"New York: Koch Records.","DiscographyReferences","is"
1127,https://en.wikipedia.org/wiki/%22Dumky%22_Trio,"^","DiscographyReferences","is"
1128,https://en.wikipedia.org/wiki/%22Ellen_Van_Dijk%22,"abcdefg","Notes","is"
1129,https://en.wikipedia.org/wiki/%22Ellen_Van_Dijk%22,"Van Dijk competed in the junior race.","Notes","is"
1130,https://en.wikipedia.org/wiki/%22Ellen_Van_Dijk%22,"abcdefghij","Notes","is"
1131,https://en.wikipedia.org/wiki/%22Ellen_Van_Dijk%22,"Van Dijk competed in the under-23 race.","Notes","is"
1132,https://en.wikipedia.org/wiki/%22Ellen_Van_Dijk%22,"abc","Notes","is"
1133,https://en.wikipedia.org/wiki/%22Ellen_Van_Dijk%22,"Van Dijk competed in the novices race.","Notes","is"
1134,https://en.wikipedia.org/wiki/%22Emile_Bin%22,"abcde","References","is"
1135,https://en.wikipedia.org/wiki/%22Emile_Bin%22,"Félix Jahyer, "Émile Bin", Galerie contemporaine, #184, Paris, L. Baschet, (1879)","References","is"
1136,https://en.wikipedia.org/wiki/%22Emile_Bin%22,"ab","References","is"
1137,https://en.wikipedia.org/wiki/%22Emile_Bin%22,"Paul Milliet, Une Famille de républicains fouriéristes, les Milliet, t. I, Paris, Giard et Brière, 1915, p. 270.","References","is"
1138,https://en.wikipedia.org/wiki/%22Emile_Bin%22,"^","References","is"
1139,https://en.wikipedia.org/wiki/%22Emile_Bin%22,""L'exposition universelle de 1867", Le Figaro, 31 December 1866, p. 3.","References","is"
1140,https://en.wikipedia.org/wiki/%22Emile_Bin%22,"^Dossier @ the Base Léonore.","References","is"
1141,https://en.wikipedia.org/wiki/%22Emile_Bin%22,"^Le Matin, 1 September 1889, p. 3.","References","is"
1142,https://en.wikipedia.org/wiki/%22Emile_Bin%22,""Maire révoqué",, 1 September 1889, p. 3.","References","is"
1143,https://en.wikipedia.org/wiki/%22Emile_Bin%22,"^","References","is"
1144,https://en.wikipedia.org/wiki/%22Emile_Bin%22,""Les dessous d'une fraude", La Presse, 22 October 1889, p. 2.","References","is"
1145,https://en.wikipedia.org/wiki/%22Emile_Bin%22,"^La Presse, 6 March 1889, p. 3.","References","is"
1146,https://en.wikipedia.org/wiki/%22Emile_Bin%22,"The titles of these works differ from those reported in Le Figaro (4 August 1889, p. 2)","References","is"
1147,https://en.wikipedia.org/wiki/%22Fatty%22_Arbuckle,"^), working his way up through the acting ranks to become a lead player and director).","FilmographySee alsoNotes","is"
1148,https://en.wikipedia.org/wiki/%22Fatty%22_Arbuckle,"However, according to the Motion Picture Studio Directory for 1919 and 1921, Arbuckle began his screen career with Keystone in 1913 as an extra for $3 a day (equivalent to approximately $79 in 2020 dollars), working his way up through the acting ranks to become a lead player and director).","FilmographySee alsoNotes","is"
1149,https://en.wikipedia.org/wiki/%22Fatty%22_George,"^","References","is"
1150,https://en.wikipedia.org/wiki/%22Fe%C5%A3ele_Albe%22_castra,"abcdef","See alsoReferences","is"
1151,https://en.wikipedia.org/wiki/%22Fe%C5%A3ele_Albe%22_castra,"Daicoviciu, Hadrian and Glodariu, Ioan (1969) "Consideratii asupra cronologiei asezarii dacice de la Fetele Albe" Acta Musei Napocensis 6: pp.","See alsoReferences","is"
1152,https://en.wikipedia.org/wiki/%22Fe%C5%A3ele_Albe%22_castra,"465–473, in Romanian","See alsoReferences","is"
1153,https://en.wikipedia.org/wiki/%22Fe%C5%A3ele_Albe%22_castra,"^The Dacian Stones Speak University of North Carolina Press, Chapel Hill, North Carolina, ISBN0-8078-1226-9","See alsoReferences","is"
1154,https://en.wikipedia.org/wiki/%22Fe%C5%A3ele_Albe%22_castra,"MacKendrick, Paul Lachlan (1975)University of North Carolina Press, Chapel Hill, North Carolina, pages 60–61","See alsoReferences","is"
1155,https://en.wikipedia.org/wiki/%22For_a_Democratic_and_Prosperous_Moldova%22_Electoral_Bloc,"^","Notes","is"
1156,https://en.wikipedia.org/wiki/%22For_a_Democratic_and_Prosperous_Moldova%22_Electoral_Bloc,"President was elected by 101 members of Parliament .","Notes","is"
1157,https://en.wikipedia.org/wiki/%22For_a_Democratic_and_Prosperous_Moldova%22_Electoral_Bloc,"61 votes were needed to win","Notes","is"
1158,https://en.wikipedia.org/wiki/%22For_a_Democratic_and_Prosperous_Moldova%22_Electoral_Bloc,"^","Notes","is"
1159,https://en.wikipedia.org/wiki/%22For_a_Democratic_and_Prosperous_Moldova%22_Electoral_Bloc,"President was elected by 101 members of Parliament .","Notes","is"
1160,https://en.wikipedia.org/wiki/%22For_a_Democratic_and_Prosperous_Moldova%22_Electoral_Bloc,"61 votes were needed to win","Notes","is"
1161,https://en.wikipedia.org/wiki/%22For_a_Democratic_and_Prosperous_Moldova%22_Electoral_Bloc,"^","Notes","is"
1162,https://en.wikipedia.org/wiki/%22For_a_Democratic_and_Prosperous_Moldova%22_Electoral_Bloc,"President was elected by 101 members of Parliament .","Notes","is"
1163,https://en.wikipedia.org/wiki/%22For_a_Democratic_and_Prosperous_Moldova%22_Electoral_Bloc,"61 votes were needed to win","Notes","is"
1164,https://en.wikipedia.org/wiki/%22For_a_Democratic_and_Prosperous_Moldova%22_Electoral_Bloc,"^","Notes","is"
1165,https://en.wikipedia.org/wiki/%22For_a_Democratic_and_Prosperous_Moldova%22_Electoral_Bloc,"President was elected by 101 members of Parliament","Notes","is"
1166,https://en.wikipedia.org/wiki/%22Free_Roman_Polanski%22_Petition,"Rape by use of drugs"," The charges were:","is"
1167,https://en.wikipedia.org/wiki/%22Free_Roman_Polanski%22_Petition,"Perversion"," The charges were:","is"
1168,https://en.wikipedia.org/wiki/%22Free_Roman_Polanski%22_Petition,"Sodomy"," The charges were:","is"
1169,https://en.wikipedia.org/wiki/%22Free_Roman_Polanski%22_Petition,"Lewd and lascivious act upon a child under 14"," The charges were:","is"
1170,https://en.wikipedia.org/wiki/%22Free_Roman_Polanski%22_Petition,"Unlawful sexual intercourse with a female under the age of 18"," The charges were:","is"
1171,https://en.wikipedia.org/wiki/%22Free_Roman_Polanski%22_Petition,"Furnishing a controlled substance to a minor"," The charges were:","is"
1172,https://en.wikipedia.org/wiki/%22Frequency_sweep%22,"^Graham A. Jones, Edmund A. Williams, David H. Layer, Thomas G. Osenkowsky (2007).","See alsoReferences","is"
1173,https://en.wikipedia.org/wiki/%22Frequency_sweep%22,"National Association of Broadcasters Engineering Handbook (10 ed.).","See alsoReferences","is"
1174,https://en.wikipedia.org/wiki/%22Frequency_sweep%22,"Taylor & Francis US.","See alsoReferences","is"
1175,https://en.wikipedia.org/wiki/%22Frequency_sweep%22,"pp.","See alsoReferences","is"
1176,https://en.wikipedia.org/wiki/%22Frequency_sweep%22,"87–88.","See alsoReferences","is"
1177,https://en.wikipedia.org/wiki/%22Frequency_sweep%22,"ISBN978-0240807515.","See alsoReferences","is"
1178,https://en.wikipedia.org/wiki/%22Frequency_sweep%22,"  Local Coordination: Event-specific coordination.","See alsoReferences","is"
1179,https://en.wikipedia.org/wiki/%22Frequency_sweep%22,"Local Coordination: Event-specific coordination.","See alsoReferences","is"
1180,https://en.wikipedia.org/wiki/%22Fuck_the_Draft%22,"^","See alsoNotes","is"
1181,https://en.wikipedia.org/wiki/%22Fuck_the_Draft%22,"There were three officers who observed Cohen in the corridor, Sergeants Shore and Swan, and Officer Alexander.","See alsoNotes","is"
1182,https://en.wikipedia.org/wiki/%22Fuck_the_Draft%22,"Which officer entered the courtroom is not identified.","See alsoNotes","is"
1183,https://en.wikipedia.org/wiki/%22Generalissimo_Francisco_Franco_is_still_dead%22,"^","Notes","is"
1184,https://en.wikipedia.org/wiki/%22Generalissimo_Francisco_Franco_is_still_dead%22,"The correct spelling in Spanish is in fact 'Generalísimo'.","Notes","is"
1185,https://en.wikipedia.org/wiki/%22Generalissimo_Francisco_Franco_is_still_dead%22,"However, during Franco's final years, the title Generalissimo , with the Italian spelling, was also routinely applied to Chiang Kai-shek","Notes","is"
1186,https://en.wikipedia.org/wiki/%22Good_Intentions_(Toad_the_Wet_Sprocket_song),""Good Intentions" – 3:25","Track listing","Nth S is"
1187,https://en.wikipedia.org/wiki/%22Gorgeous%22_George_Wagner,"^","See alsoNotes","is"
1188,https://en.wikipedia.org/wiki/%22Gorgeous%22_George_Wagner,"Use Arrid to be sure."","See alsoNotes","is"
1189,https://en.wikipedia.org/wiki/%22Great%22_Symphony,"Andante – Allegro ma non-troppo – Più moto (685 bars)","Following the standard symphonic form, there are four movements:","is"
1190,https://en.wikipedia.org/wiki/%22Great%22_Symphony,"Andante con moto (380 bars)","Following the standard symphonic form, there are four movements:","is"
1191,https://en.wikipedia.org/wiki/%22Great%22_Symphony,"Scherzo.","Following the standard symphonic form, there are four movements:","is"
1192,https://en.wikipedia.org/wiki/%22Great%22_Symphony,"Allegro vivace (238 bars); Trio (166 bars)","Following the standard symphonic form, there are four movements:","is"
1193,https://en.wikipedia.org/wiki/%22Great%22_Symphony,"Finale.","Following the standard symphonic form, there are four movements:","is"
1194,https://en.wikipedia.org/wiki/%22Great%22_Symphony,"Allegro vivace (1154 bars)","Following the standard symphonic form, there are four movements:","is"
1195,https://en.wikipedia.org/wiki/%22Gypsy%22_in_Jazz,""All I Need Is the Girl"","Track listing","Nth S is"
1196,https://en.wikipedia.org/wiki/%22Gypsy%22_in_Jazz,""You'll Never Get Away from Me"","Track listing","Nth S is"
1197,https://en.wikipedia.org/wiki/%22Gypsy%22_in_Jazz,""Small World"","Track listing","Nth S is"
1198,https://en.wikipedia.org/wiki/%22Gypsy%22_in_Jazz,""Little Lamb"","Track listing","Nth S is"
1199,https://en.wikipedia.org/wiki/%22Gypsy%22_in_Jazz,""Together Wherever We Go"","Track listing","Nth S is"
1200,https://en.wikipedia.org/wiki/%22Gypsy%22_in_Jazz,""Everything's Coming Up Roses"","Track listing","Nth S is"
1201,https://en.wikipedia.org/wiki/%22Gypsy%22_in_Jazz,""Some People"","Track listing","Nth S is"
1202,https://en.wikipedia.org/wiki/%22Gypsy%22_in_Jazz,""Mama's Talkin' Soft"","Track listing","Nth S is"
1203,https://en.wikipedia.org/wiki/%22Gypsy%22_in_Jazz,""Cow Song"","Track listing","Nth S is"
1204,https://en.wikipedia.org/wiki/%22Gypsy%22_in_Jazz,""If Mama Was Married"","Track listing","Nth S is"
1205,https://en.wikipedia.org/wiki/%22Gypsy%22_in_Jazz,""Let Me Entertain You"","Track listing","Nth S is"
1206,https://en.wikipedia.org/wiki/%22Gypsy%22_in_Jazz,""Mr. Goldstone, I Love You"","Track listing","Nth S is"
1207,https://en.wikipedia.org/wiki/%22Gypsy%22_in_Jazz_(Teddy_Wilson_album),""All I Need Is the Girl"","Track listing","Nth S is"
1208,https://en.wikipedia.org/wiki/%22Gypsy%22_in_Jazz_(Teddy_Wilson_album),""You'll Never Get Away from Me"","Track listing","Nth S is"
1209,https://en.wikipedia.org/wiki/%22Gypsy%22_in_Jazz_(Teddy_Wilson_album),""Small World"","Track listing","Nth S is"
1210,https://en.wikipedia.org/wiki/%22Gypsy%22_in_Jazz_(Teddy_Wilson_album),""Little Lamb"","Track listing","Nth S is"
1211,https://en.wikipedia.org/wiki/%22Gypsy%22_in_Jazz_(Teddy_Wilson_album),""Together Wherever We Go"","Track listing","Nth S is"
1212,https://en.wikipedia.org/wiki/%22Gypsy%22_in_Jazz_(Teddy_Wilson_album),""Everything's Coming Up Roses"","Track listing","Nth S is"
1213,https://en.wikipedia.org/wiki/%22Gypsy%22_in_Jazz_(Teddy_Wilson_album),""Some People"","Track listing","Nth S is"
1214,https://en.wikipedia.org/wiki/%22Gypsy%22_in_Jazz_(Teddy_Wilson_album),""Mama's Talkin' Soft"","Track listing","Nth S is"
1215,https://en.wikipedia.org/wiki/%22Gypsy%22_in_Jazz_(Teddy_Wilson_album),""Cow Song"","Track listing","Nth S is"
1216,https://en.wikipedia.org/wiki/%22Gypsy%22_in_Jazz_(Teddy_Wilson_album),""If Mama Was Married"","Track listing","Nth S is"
1217,https://en.wikipedia.org/wiki/%22Gypsy%22_in_Jazz_(Teddy_Wilson_album),""Let Me Entertain You"","Track listing","Nth S is"
1218,https://en.wikipedia.org/wiki/%22Gypsy%22_in_Jazz_(Teddy_Wilson_album),""Mr. Goldstone, I Love You"","Track listing","Nth S is"
1219,https://en.wikipedia.org/wiki/%22Hard%22_science_fiction,"^McGuirk, Carol (1992).","AnthologiesShort storiesNovelsFilmsTelevisionAnime / MangaVisual novelsSee alsoNotes","is"
1220,https://en.wikipedia.org/wiki/%22Hard%22_science_fiction,""The 'New' Romancers".","AnthologiesShort storiesNovelsFilmsTelevisionAnime / MangaVisual novelsSee alsoNotes","is"
1221,https://en.wikipedia.org/wiki/%22Hard%22_science_fiction,"In Slusser, George Edgar; Shippey, T. A.","AnthologiesShort storiesNovelsFilmsTelevisionAnime / MangaVisual novelsSee alsoNotes","is"
1222,https://en.wikipedia.org/wiki/%22Hard%22_science_fiction,"(eds.).","AnthologiesShort storiesNovelsFilmsTelevisionAnime / MangaVisual novelsSee alsoNotes","is"
1223,https://en.wikipedia.org/wiki/%22Hard%22_science_fiction,"Fiction 2000.","AnthologiesShort storiesNovelsFilmsTelevisionAnime / MangaVisual novelsSee alsoNotes","is"
1224,https://en.wikipedia.org/wiki/%22Hard%22_science_fiction,"University of Georgia Press.","AnthologiesShort storiesNovelsFilmsTelevisionAnime / MangaVisual novelsSee alsoNotes","is"
1225,https://en.wikipedia.org/wiki/%22Hard%22_science_fiction,"pp.","AnthologiesShort storiesNovelsFilmsTelevisionAnime / MangaVisual novelsSee alsoNotes","is"
1226,https://en.wikipedia.org/wiki/%22Hard%22_science_fiction,"109–125.","AnthologiesShort storiesNovelsFilmsTelevisionAnime / MangaVisual novelsSee alsoNotes","is"
1227,https://en.wikipedia.org/wiki/%22Hard%22_science_fiction,"ISBN9780820314495.","AnthologiesShort storiesNovelsFilmsTelevisionAnime / MangaVisual novelsSee alsoNotes","is"
1228,https://en.wikipedia.org/wiki/%22Hard%22_science_fiction,")","AnthologiesShort storiesNovelsFilmsTelevisionAnime / MangaVisual novelsSee alsoNotes","is"
1229,https://en.wikipedia.org/wiki/%22Hard%22_science_fiction,"The short story "Surface Tension" has also been described as an exemplar of soft science fiction.","AnthologiesShort storiesNovelsFilmsTelevisionAnime / MangaVisual novelsSee alsoNotes","is"
1230,https://en.wikipedia.org/wiki/%22Hard%22_science_fiction,"(","AnthologiesShort storiesNovelsFilmsTelevisionAnime / MangaVisual novelsSee alsoNotes","is"
1231,https://en.wikipedia.org/wiki/%22Hell_Roaring%22_Mike_Healy,"^ In 1908 Congress authorized the rank and title of "Captain-Commandant" which was equivalent to a Navy captain.","Footnotes","is"
1232,https://en.wikipedia.org/wiki/%22Hell_Roaring%22_Mike_Healy,"The officer rank structure of the Revenue Cutter Service differed from that of the U.S. Navy during the period that Healy served.","Footnotes","is"
1233,https://en.wikipedia.org/wiki/%22Hell_Roaring%22_Mike_Healy,"The rank of an RCS captain was equivalent to a Navy lieutenant commander.","Footnotes","is"
1234,https://en.wikipedia.org/wiki/%22Hell_Roaring%22_Mike_Healy,"After 1894 the rank of senior captain was authorized by Congress but Healy never held that rank; it was equivalent to a Navy commander.In 1908 Congress authorized the rank and title of "Captain-Commandant" which was equivalent to a Navy captain.","Footnotes","is"
1235,https://en.wikipedia.org/wiki/%22Hell_Roaring%22_Mike_Healy,"^ others say Mary Eliza Smith","Footnotes","is"
1236,https://en.wikipedia.org/wiki/%22Hell_Roaring%22_Mike_Healy,"Some references say Mary Eliza Clark,others say Mary Eliza Smith","Footnotes","is"
1237,https://en.wikipedia.org/wiki/%22Hell_Roaring%22_Mike_Healy,"^Reliance in 1867.","Footnotes","is"
1238,https://en.wikipedia.org/wiki/%22Hell_Roaring%22_Mike_Healy,"His official Coast Guard biography mentions that he served successfully on several unnamed cutters on the  Strobridge and Noble do not have information on the period 1865 to 1867, but do mention service on Reliance, Lincoln, and Active for the period of 1865 to 1875.","Footnotes","is"
1239,https://en.wikipedia.org/wiki/%22Hell_Roaring%22_Mike_Healy,"Little is known of Healy's assignments between the time he was commissioned in 1865 and his service aboardin 1867.","Footnotes","is"
1240,https://en.wikipedia.org/wiki/%22Hell_Roaring%22_Mike_Healy,"His official Coast Guard biography mentions that he served successfully on several unnamed cutters on the East Coast during the period 1865 to 1875.Strobridge and Noble do not have information on the period 1865 to 1867, but do mention service onandfor the period of 1865 to 1875.","Footnotes","is"
1241,https://en.wikipedia.org/wiki/%22Hell_Roaring%22_Mike_Healy,"^ (The term comes from the nautical term trice, meaning to haul up or secure).","Footnotes","is"
1242,https://en.wikipedia.org/wiki/%22Hell_Roaring%22_Mike_Healy,"Tricing up entailed handcuffing a seaman's hands behind his back, running a short length of line through the irons, and passing the line through a ringbolt high on the bulkhead or mast.","Footnotes","is"
1243,https://en.wikipedia.org/wiki/%22Hell_Roaring%22_Mike_Healy,"The offending seaman would be hoisted up until his toes just touched the deck.","Footnotes","is"
1244,https://en.wikipedia.org/wiki/%22Hell_Roaring_Mike%22_Healy,"^ In 1908 Congress authorized the rank and title of "Captain-Commandant" which was equivalent to a Navy captain.","Footnotes"
1245,https://en.wikipedia.org/wiki/%22Hell_Roaring_Mike%22_Healy,"The officer rank structure of the Revenue Cutter Service differed from that of the U.S. Navy during the period that Healy served.","Footnotes","is"
1246,https://en.wikipedia.org/wiki/%22Hell_Roaring_Mike%22_Healy,"The rank of an RCS captain was equivalent to a Navy lieutenant commander.","Footnotes","is"
1247,https://en.wikipedia.org/wiki/%22Hell_Roaring_Mike%22_Healy,"After 1894 the rank of senior captain was authorized by Congress but Healy never held that rank; it was equivalent to a Navy commander.In 1908 Congress authorized the rank and title of "Captain-Commandant" which was equivalent to a Navy captain.","Footnotes","is"
1248,https://en.wikipedia.org/wiki/%22Hell_Roaring_Mike%22_Healy,"^ others say Mary Eliza Smith","Footnotes","is"
1249,https://en.wikipedia.org/wiki/%22Hell_Roaring_Mike%22_Healy,"Some references say Mary Eliza Clark,others say Mary Eliza Smith","Footnotes","is"
1250,https://en.wikipedia.org/wiki/%22Hell_Roaring_Mike%22_Healy,"^Reliance in 1867.","Footnotes","is"
1251,https://en.wikipedia.org/wiki/%22Hell_Roaring_Mike%22_Healy,"His official Coast Guard biography mentions that he served successfully on several unnamed cutters on the  Strobridge and Noble do not have information on the period 1865 to 1867, but do mention service on Reliance, Lincoln, and Active for the period of 1865 to 1875.","Footnotes","is"
1252,https://en.wikipedia.org/wiki/%22Hell_Roaring_Mike%22_Healy,"Little is known of Healy's assignments between the time he was commissioned in 1865 and his service aboardin 1867.","Footnotes","is"
1253,https://en.wikipedia.org/wiki/%22Hell_Roaring_Mike%22_Healy,"His official Coast Guard biography mentions that he served successfully on several unnamed cutters on the East Coast during the period 1865 to 1875.Strobridge and Noble do not have information on the period 1865 to 1867, but do mention service onandfor the period of 1865 to 1875.","Footnotes","is"
1254,https://en.wikipedia.org/wiki/%22Hell_Roaring_Mike%22_Healy,"^ (The term comes from the nautical term trice, meaning to haul up or secure).","Footnotes","is"
1255,https://en.wikipedia.org/wiki/%22Hell_Roaring_Mike%22_Healy,"Tricing up entailed handcuffing a seaman's hands behind his back, running a short length of line through the irons, and passing the line through a ringbolt high on the bulkhead or mast.","Footnotes","is"
1256,https://en.wikipedia.org/wiki/%22Hell_Roaring_Mike%22_Healy,"The offending seaman would be hoisted up until his toes just touched the deck.","Footnotes","is"
1257,https://en.wikipedia.org/wiki/%22Her_Voice_Is_Beyond_Her_Years%22," "Ending" – 2:01","Track listingOriginal release","Nth S is"
1258,https://en.wikipedia.org/wiki/%22Her_Voice_Is_Beyond_Her_Years%22,"No" – 4:53","Track listingOriginal release","Nth S is"
1259,https://en.wikipedia.org/wiki/%22Her_Voice_Is_Beyond_Her_Years%22,""Mica" – 2:58","Track listingOriginal release","Nth S is"
1260,https://en.wikipedia.org/wiki/%22Her_Voice_Is_Beyond_Her_Years%22,""Saliva" – 4:08","Track listingOriginal release","Nth S is"
1261,https://en.wikipedia.org/wiki/%22Her_Voice_Is_Beyond_Her_Years%22,""King Christian" – 4:24","Track listingOriginal release","Nth S is"
1262,https://en.wikipedia.org/wiki/%22Her_Voice_Is_Beyond_Her_Years%22,""Her Voice Is Beyond Her Years" – 4:24","Track listingOriginal release","Nth S is"
1263,https://en.wikipedia.org/wiki/%22Her_Voice_Is_Beyond_Her_Years%22,""156" – 4:46","Track listingOriginal release","Nth S is"
1264,https://en.wikipedia.org/wiki/%22Her_Voice_Is_Beyond_Her_Years%22,""Symmetry" – 5:18","Track listingOriginal release","Nth S is"
1265,https://en.wikipedia.org/wiki/%22Her_Voice_Is_Beyond_Her_Years%22,""Comforting Sounds" – 8:44","Track listingOriginal release","Nth S is"
1266,https://en.wikipedia.org/wiki/%22Her_Voice_Is_Beyond_Her_Years%22,"No" and rewind past 0:00.","Track listingOriginal release","Nth S is"
1267,https://en.wikipedia.org/wiki/%22Her_Voice_Is_Beyond_Her_Years%22,"Bonus tracks on first reissue","Track listingOriginal release","Nth S is"
1268,https://en.wikipedia.org/wiki/%22Her_Voice_Is_Beyond_Her_Years%22," "She Came Home for Christmas" – 4:01","Track listingOriginal release","Nth S is"
1269,https://en.wikipedia.org/wiki/%22Her_Voice_Is_Beyond_Her_Years%22,""I Should Have Been a Tsin-Tsi (For You)" – 2:01","Track listingOriginal release","Nth S is"
1270,https://en.wikipedia.org/wiki/%22Her_Voice_Is_Beyond_Her_Years%22,"This version did not include the hidden track "Ending", but added 2 bonus tracks (which are versions unique to this record).","Track listingOriginal release","Nth S is"
1271,https://en.wikipedia.org/wiki/%22Her_Voice_Is_Beyond_Her_Years%22,"It is identifiable by a slightly different cover where the text has a white border, and an expanded booklet with full-page photographs of the band members.","Track listingOriginal release","Nth S is"
1272,https://en.wikipedia.org/wiki/%22Her_Voice_Is_Beyond_Her_Years%22,"The disc is reflective, not totally white like the original release.","Track listingOriginal release","Nth S is"
1273,https://en.wikipedia.org/wiki/%22Her_Voice_Is_Beyond_Her_Years%22,"2007 reissue bonus disc","Track listingOriginal release","Nth S is"
1274,https://en.wikipedia.org/wiki/%22Her_Voice_Is_Beyond_Her_Years%22,""Half The World Is Watching Me" (studio outtake) – 3:04","Track listingOriginal release","Nth S is"
1275,https://en.wikipedia.org/wiki/%22Her_Voice_Is_Beyond_Her_Years%22,""Her Voice Is Beyond Her Years" (live) – 3:18","Track listingOriginal release","Nth S is"
1276,https://en.wikipedia.org/wiki/%22Her_Voice_Is_Beyond_Her_Years%22,""Mica" (live) – 3:42","Track listingOriginal release","is"
1277,https://en.wikipedia.org/wiki/%22Her_Voice_Is_Beyond_Her_Years%22,""Wheels Over Me" (live) – 2:42","Track listingOriginal release","is"
1278,https://en.wikipedia.org/wiki/%22Her_Voice_Is_Beyond_Her_Years%22,""Wherever" (live) – 5:31","Track listingOriginal release","is"
1279,https://en.wikipedia.org/wiki/%22Her_Voice_Is_Beyond_Her_Years%22,""156" (Cubase demo) – 5:22","Track listingOriginal release","is"
1280,https://en.wikipedia.org/wiki/%22Her_Voice_Is_Beyond_Her_Years%22,""Quietly" (demo) – 3:29","Track listingOriginal release","is"
1281,https://en.wikipedia.org/wiki/%22Her_Voice_Is_Beyond_Her_Years%22,"(demo) – 7:48","Track listingOriginal release","is"
1282,https://en.wikipedia.org/wiki/%22Her_Voice_Is_Beyond_Her_Years%22,"PersonnelMewAdditional personnel","Track listingOriginal release","is"
1283,https://en.wikipedia.org/wiki/%22Her_Voice_Is_Beyond_Her_Years%22,"Tim Christensen - Mellotron","Track listingOriginal release","is"
1284,https://en.wikipedia.org/wiki/%22Her_Voice_Is_Beyond_Her_Years%22,"Klaus Nielson - synthesizers (tracks 1, 4, 6, 7)","Track listingOriginal release","is"
1285,https://en.wikipedia.org/wiki/%22Her_Voice_Is_Beyond_Her_Years%22,"Mads Hyhne and Kasper Tranberg - horns","Track listingOriginal release","is"
1286,https://en.wikipedia.org/wiki/%22Her_Voice_Is_Beyond_Her_Years%22,"Flemming Rasmussen and Morten Sidenius - co-producer","Track listingOriginal release","is"
1287,https://en.wikipedia.org/wiki/%22Her_Voice_Is_Beyond_Her_Years%22,"Flemming Rasmussen - engineer, mixer","Track listingOriginal release","is"
1288,https://en.wikipedia.org/wiki/%22Her_Voice_Is_Beyond_Her_Years%22,"Jan Eliasson and Morten Bue - mastering engineer","Track listingOriginal release","is"
1289,https://en.wikipedia.org/wiki/%22Heroes%22_(David_Bowie_song),""'Heroes","RCA / PB 1112112" vinyl","Nth S is"
1290,https://en.wikipedia.org/wiki/%22Heroes%22_(David_Bowie_song),"'" (Album version) – 6:07","RCA / PB 1112112" vinyl","Nth S is"
1291,https://en.wikipedia.org/wiki/%22Heroes%22_(David_Bowie_song),""'Heroes","RCA / PB 1112112" vinyl","Nth S is"
1292,https://en.wikipedia.org/wiki/%22Heroes%22_(David_Bowie_song),"'" (Single version) – 3:29","RCA / PB 1112112" vinyl","Nth S is"
1293,https://en.wikipedia.org/wiki/%22Heroes%22_(David_Bowie_song),""'Heroes","RCA / PB 1112112" vinyl","Nth S is"
1294,https://en.wikipedia.org/wiki/%22Heroes%22_(David_Bowie_song),""'Helden","RCA / PB 1112112" vinyl","Nth S is"
1295,https://en.wikipedia.org/wiki/%22Heroes%22_(David_Bowie_song),"'" (English/German version) – 6:09","RCA / PB 1112112" vinyl","Nth S is"
1296,https://en.wikipedia.org/wiki/%22Heroes%22_(David_Bowie_song),""'Heroes","RCA / PB 1112112" vinyl","Nth S is"
1297,https://en.wikipedia.org/wiki/%22Heroes%22_(David_Bowie_song),""'Héros","RCA / PB 1112112" vinyl","Nth S is"
1298,https://en.wikipedia.org/wiki/%22Heroes%22_(David_Bowie_song),"'" (English/French version) – 6:09","RCA / PB 1112112" vinyl","Nth S is"
1299,https://en.wikipedia.org/wiki/%22Heroes%22_(David_Bowie_song),""Heroes"","US promo CD","Nth S is"
1300,https://en.wikipedia.org/wiki/%22Heroes%22_(David_Bowie_song),""Heroes"","Australian CD single","Nth S is"
1301,https://en.wikipedia.org/wiki/%22Heroes%22_(David_Bowie_song),""Invisible City" (live)","Australian CD single","Nth S is"
1302,https://en.wikipedia.org/wiki/%22Heroes%22_(David_Bowie_song),""Heroes" – 3:57","European maxi-single","Nth S is"
1303,https://en.wikipedia.org/wiki/%22Heroes%22_(David_Bowie_song),""Invisible City" (live) – 5:12","European maxi-single","Nth S is"
1304,https://en.wikipedia.org/wiki/%22Heroes%22_(David_Bowie_song),""Heroes" (live) – 4:06","European maxi-single","Nth S is"
1305,https://en.wikipedia.org/wiki/%22Heroes%22_(David_Bowie_song),"^","Notes","is"
1306,https://en.wikipedia.org/wiki/%22Heroes%22_(David_Bowie_song),"The quotation marks are part of the title.","Notes","is"
1307,https://en.wikipedia.org/wiki/%22Heroes%22_(song),""'Heroes","RCA / PB 1112112" vinyl","Nth S is"
1308,https://en.wikipedia.org/wiki/%22Heroes%22_(song),"'" (Album version) – 6:07","RCA / PB 1112112" vinyl","Nth S is"
1309,https://en.wikipedia.org/wiki/%22Heroes%22_(song),""'Heroes","RCA / PB 1112112" vinyl","Nth S is"
1310,https://en.wikipedia.org/wiki/%22Heroes%22_(song),"'" (Single version) – 3:29","RCA / PB 1112112" vinyl","Nth S is"
1311,https://en.wikipedia.org/wiki/%22Heroes%22_(song),""'Heroes","RCA / PB 1112112" vinyl","Nth S is"
1312,https://en.wikipedia.org/wiki/%22Heroes%22_(song),""'Helden","RCA / PB 1112112" vinyl","Nth S is"
1313,https://en.wikipedia.org/wiki/%22Heroes%22_(song),"'" (English/German version) – 6:09","RCA / PB 1112112" vinyl","Nth S is"
1314,https://en.wikipedia.org/wiki/%22Heroes%22_(song),""'Heroes","RCA / PB 1112112" vinyl","Nth S is"
1315,https://en.wikipedia.org/wiki/%22Heroes%22_(song),""'Héros","RCA / PB 1112112" vinyl","Nth S is"
1316,https://en.wikipedia.org/wiki/%22Heroes%22_(song),"'" (English/French version) – 6:09","RCA / PB 1112112" vinyl","Nth S is"
1317,https://en.wikipedia.org/wiki/%22Heroes%22_(song),""Heroes"","US promo CD","Nth S is"
1318,https://en.wikipedia.org/wiki/%22Heroes%22_(song),""Heroes"","Australian CD single","Nth S is"
1319,https://en.wikipedia.org/wiki/%22Heroes%22_(song),""Invisible City" (live)","Australian CD single","Nth S is"
1320,https://en.wikipedia.org/wiki/%22Heroes%22_(song),""Heroes" – 3:57","European maxi-single","Nth S is"
1321,https://en.wikipedia.org/wiki/%22Heroes%22_(song),""Invisible City" (live) – 5:12","European maxi-single","Nth S is"
1322,https://en.wikipedia.org/wiki/%22Heroes%22_(song),""Heroes" (live) – 4:06","European maxi-single","Nth S is"
1323,https://en.wikipedia.org/wiki/%22Heroes%22_(song),"^","Notes","is"
1324,https://en.wikipedia.org/wiki/%22Heroes%22_(song),"The quotation marks are part of the title.","Notes","is"
1325,https://en.wikipedia.org/wiki/%22Heroes%22_Symphony,""Heroes" (5:53)","Track listing","Nth S is"
1326,https://en.wikipedia.org/wiki/%22Heroes%22_Symphony,"Abdulmajid (8:53)","Track listing","Nth S is"
1327,https://en.wikipedia.org/wiki/%22Heroes%22_Symphony,"Sense of Doubt (7:20)","Track listing","Nth S is"
1328,https://en.wikipedia.org/wiki/%22Heroes%22_Symphony,"Sons of the Silent Age (8:18)","Track listing","Nth S is"
1329,https://en.wikipedia.org/wiki/%22Heroes%22_Symphony,"Neuköln (6:41)","Track listing","Nth S is"
1330,https://en.wikipedia.org/wiki/%22Heroes%22_Symphony,"V2 Schneider (6:48)","Track listing","Nth S is"
1331,https://en.wikipedia.org/wiki/%22Hg,"Barry N. Taylor,1995, NIST Special Publication 811, Appendix B ","See alsoReferences","is"
1332,https://en.wikipedia.org/wiki/%22Hg,"^","See alsoReferences","is"
1333,https://en.wikipedia.org/wiki/%22Higher_Law%22_Seward,"^","See alsoReferencesNotes","is"
1334,https://en.wikipedia.org/wiki/%22Higher_Law%22_Seward,"Stevens was then 68 years old.","See alsoReferencesNotes","is"
1335,https://en.wikipedia.org/wiki/%22Higher_Law%22_Seward,"^","See alsoReferencesNotes","is"
1336,https://en.wikipedia.org/wiki/%22Higher_Law%22_Seward,"Whether Seward said this is questionable; it first appeared in anti-administration newspapers in 1863.","See alsoReferencesNotes","is"
1337,https://en.wikipedia.org/wiki/%22Higher_Law%22_Seward,"It does not appear in Lyon's reports to Lord Russell, and Lyons denied it in 1864.","See alsoReferencesNotes","is"
1338,https://en.wikipedia.org/wiki/%22Higher_Law%22_Seward,"See Stahr , p. 285.","See alsoReferencesNotes","is"
1339,https://en.wikipedia.org/wiki/%22Higher_Law%22_Seward,"^New-York Tribune called the treaty "insensate folly".","See alsoReferencesNotes","is"
1340,https://en.wikipedia.org/wiki/%22Higher_Law%22_Seward,"Although there is a legend that the Alaska Purchase was widely decried as "Seward's Folly", this is something of a myth.","See alsoReferencesNotes","is"
1341,https://en.wikipedia.org/wiki/%22Higher_Law%22_Seward,"Most newspapers supported it, though thecalled the treaty "insensate folly".","See alsoReferencesNotes","is"
1342,https://en.wikipedia.org/wiki/%22Higher_Law%22_Seward,"In 1874,alleged that "Mr. Seward was much laughed at for his folly" and in 1880, an Alaska pioneer, Sheldon Jackson , wrote in a book that the purchase was viewed as "Secretary Seward's folly".","See alsoReferencesNotes","is"
1343,https://en.wikipedia.org/wiki/%22Higher_Law%22_Seward,"In his 1891 biography of his father, Frederick Seward wrote that the treaty had been denounced as "Seward's folly" and Alaska dubbed "Johnson's polar bear garden".","See alsoReferencesNotes","is"
1344,https://en.wikipedia.org/wiki/%22Higher_Law%22_Seward,"See Stahr , pp.","See alsoReferencesNotes","is"
1345,https://en.wikipedia.org/wiki/%22Higher_Law%22_Seward,"487–488.","See alsoReferencesNotes","is"
1346,https://en.wikipedia.org/wiki/%22Historical%22_Social_Democratic_Party_(Hungary),"^","References","is"
1347,https://en.wikipedia.org/wiki/%22Historical%22_Social_Democratic_Party_(Hungary),"Politikai nyilatkozat – Elfogadta a Szociáldemokrata Párt 43. kongresszusa 2013. február 23-án ","References","is"
1348,https://en.wikipedia.org/wiki/%22Home_safe%22_headlamps,"Ignition: a high voltage pulse is used to produce an electrical arc – in a manner similar to a spark plug – which ionizes the xenon gas, creating a conducting channel between the tungsten electrodes.","The ignition and ballast operation proceeds in three stages:","proceed"
1349,https://en.wikipedia.org/wiki/%22Home_safe%22_headlamps,"Electrical resistance is reduced within the channel, and current flows between the electrodes.","The ignition and ballast operation proceeds in three stages:","proceed"
1350,https://en.wikipedia.org/wiki/%22Home_safe%22_headlamps,"Initial phase: the bulb is driven with controlled overload.","The ignition and ballast operation proceeds in three stages:","proceed"
1351,https://en.wikipedia.org/wiki/%22Home_safe%22_headlamps,"Because the arc is operated at high power, the temperature in the capsule rises quickly.","The ignition and ballast operation proceeds in three stages:","proceed"
1352,https://en.wikipedia.org/wiki/%22Home_safe%22_headlamps,"The metallic salts vaporize, and the arc is intensified and made spectrally more complete.","The ignition and ballast operation proceeds in three stages:","proceed"
1353,https://en.wikipedia.org/wiki/%22Home_safe%22_headlamps,"The resistance between the electrodes also falls; the electronic ballast control gear registers this and automatically switches to continuous operation.","The ignition and ballast operation proceeds in three stages:","proceed"
1354,https://en.wikipedia.org/wiki/%22Home_safe%22_headlamps,"Continuous operation: all metal salts are in the vapor phase, the arc has attained its stable shape, and the luminous efficacy has attained its nominal value.","The ignition and ballast operation proceeds in three stages:","proceed"
1355,https://en.wikipedia.org/wiki/%22Home_safe%22_headlamps,"The ballast now supplies stable electrical power so the arc will not flicker.","The ignition and ballast operation proceeds in three stages:","proceed"
1356,https://en.wikipedia.org/wiki/%22Home_safe%22_headlamps,"Stable operating voltage is 85 voltsAC in D1 and D2 systems, 42 volts AC in D3 and D4 systems.","The ignition and ballast operation proceeds in three stages:","proceed"
1357,https://en.wikipedia.org/wiki/%22Home_safe%22_headlamps,"The frequency of the square-wave alternating current is typically 400 hertz or higher.","The ignition and ballast operation proceeds in three stages:","proceed"
1358,https://en.wikipedia.org/wiki/%22Honest_John%22_Patterson,"ab","Notes","is"
1359,https://en.wikipedia.org/wiki/%22Honest_John%22_Patterson,"The authors asserted that "Patterson controlled the most money and bought his way into [the Senate]" and that someone later testified he had stated it "cost him more than $40,000".","Notes","is"
1360,https://en.wikipedia.org/wiki/%22Honest_John%22_Patterson,"^"Carolina Vultures: How Honest John Patterson was elected senator".","References","is"
1361,https://en.wikipedia.org/wiki/%22Honest_John%22_Patterson,"The Sun (New York).","References","is"
1362,https://en.wikipedia.org/wiki/%22Honest_John%22_Patterson,"Columbia, S.C. (published December 16, 1872).","References","is"
1363,https://en.wikipedia.org/wiki/%22Honest_John%22_Patterson,"December 12, 1872. p. 1 col. 3.","References","is"
1364,https://en.wikipedia.org/wiki/%22Honest_John%22_Patterson,"Jno.","References","is"
1365,https://en.wikipedia.org/wiki/%22Honest_John%22_Patterson,"J. Patterson, commonly known in these parts as 'Honest John,' who planted himself solidly on the platform of United States promises to pay, and boldly avowed his intention to buy his way into the Senate.","References","is"
1366,https://en.wikipedia.org/wiki/%22Honest_John%22_Patterson,"Although the OCR version is illegible and you must read the scanned images, this is a very entertaining account of the election, featuring "Patterson then expressed strong doubts about the respectability of the maternal ancestor of the magistrate.","References","is"
1367,https://en.wikipedia.org/wiki/%22Honest_John%22_Patterson,"The magistrate fled, leaving Patterson and Hurley masters of the situation.","References","is"
1368,https://en.wikipedia.org/wiki/%22Honest_John%22_Patterson,"But this was not the end of the matter.","References","is"
1369,https://en.wikipedia.org/wiki/%22Honest_John%22_Patterson,"Several paragraphs later, "But this was by no means the final act in the farce."","References","is"
1370,https://en.wikipedia.org/wiki/%22I%22_Is_for_Innocent,"^","References","is"
1371,https://en.wikipedia.org/wiki/%22I%22_Is_for_Innocent,"Paul, Steve (May 11, 1992). "","References","is"
1372,https://en.wikipedia.org/wiki/%22I%22_Is_for_Innocent,"'N Is for Novelist,' not mystery writer Sue Grafton has arrived, thanks to Kinsey Millhone".","References","is"
1373,https://en.wikipedia.org/wiki/%22I%22_Is_for_Innocent,"The Kansas City Star.","References","is"
1374,https://en.wikipedia.org/wiki/%22I%22_Is_for_Innocent,"p. D1.","References","is"
1375,https://en.wikipedia.org/wiki/%22I%22_Is_for_Innocent,"^","References","is"
1376,https://en.wikipedia.org/wiki/%22I%22_Is_for_Innocent,"Jester, Art (June 9, 1991).","References","is"
1377,https://en.wikipedia.org/wiki/%22I%22_Is_for_Innocent,""Sue Grafton is a Writer Kentucky Will Want to Claim".","References","is"
1378,https://en.wikipedia.org/wiki/%22I%22_Is_for_Innocent,"Lexington Herald-Leader.","References","is"
1379,https://en.wikipedia.org/wiki/%22I%22_Is_for_Innocent,"p. F6.","References","is"
1380,https://en.wikipedia.org/wiki/%22I%22_Is_for_Innocent,"^","References","is"
1381,https://en.wikipedia.org/wiki/%22I%22_Is_for_Innocent,"Stassel, Stephanie (April 3, 2000).","References","is"
1382,https://en.wikipedia.org/wiki/%22I%22_Is_for_Innocent,""Southern California's Intrepid Alphabet Sleuth; Sue Grafton's bestselling mysteries--each titled with a different letter--feature her smart-alecky but down-to-earth alter ego, Kinsey Millhone".","References","is"
1383,https://en.wikipedia.org/wiki/%22I%22_Is_for_Innocent,"Los Angeles Times.","References","is"
1384,https://en.wikipedia.org/wiki/%22I%22_Is_for_Innocent,"p. E1.","References","is"
1385,https://en.wikipedia.org/wiki/%22I%22_Is_for_Innocent,"^","References","is"
1386,https://en.wikipedia.org/wiki/%22I%22_Is_for_Innocent,"Lochte, Dick (May 10, 1992).","References","is"
1387,https://en.wikipedia.org/wiki/%22I%22_Is_for_Innocent,""When the Dick Is a Dame; 'I' Is for Innocent by Sue Grafton".","References","is"
1388,https://en.wikipedia.org/wiki/%22I%22_Is_for_Innocent,"Los Angeles Times.","References","is"
1389,https://en.wikipedia.org/wiki/%22I%22_Is_for_Innocent,"p. 2.","References","is"
1390,https://en.wikipedia.org/wiki/%22I%22_Is_for_Insignificant,""Sunday" – 3:06","Track listing","Nth S is"
1391,https://en.wikipedia.org/wiki/%22I%22_Is_for_Insignificant,""Viva la Kids" – 2:12","Track listing","Nth S is"
1392,https://en.wikipedia.org/wiki/%22I%22_Is_for_Insignificant,""Pet" – 2:32","Track listing","Nth S is"
1393,https://en.wikipedia.org/wiki/%22I%22_Is_for_Insignificant,""Jen and Jarid" – 2:24","Track listing","Nth S is"
1394,https://en.wikipedia.org/wiki/%22I%22_Is_for_Insignificant,""So Poppy It'll Make You Puke (Part One)" – 2:56","Track listing","Nth S is"
1395,https://en.wikipedia.org/wiki/%22I%22_Is_for_Insignificant,""Bloodshot" – 2:27","Track listing","Nth S is"
1396,https://en.wikipedia.org/wiki/%22I%22_Is_for_Insignificant,""David O.","Track listing","Nth S is"
1397,https://en.wikipedia.org/wiki/%22I%22_Is_for_Insignificant,"Is a Nazi" – 2:51","Track listing","Nth S is"
1398,https://en.wikipedia.org/wiki/%22I%22_Is_for_Insignificant,""Video Store" – 2:58","Track listing","Nth S is"
1399,https://en.wikipedia.org/wiki/%22I%22_Is_for_Insignificant,""Dream" – 1:30","Track listing","Nth S is"
1400,https://en.wikipedia.org/wiki/%22I%22_Is_for_Insignificant,""Expectations Are for the Old" – 2:07","Track listing","Nth S is"
1401,https://en.wikipedia.org/wiki/%22I%22_Is_for_Insignificant,""So Poppy It'll Make You Puke (Part Two)" – 1:56","Track listing","Nth S is"
1402,https://en.wikipedia.org/wiki/%22I%22_Is_for_Insignificant,""Homophobia Is a Crime and You're a Criminal" – 1:45","Track listing","Nth S is"
1403,https://en.wikipedia.org/wiki/%22I%22_Is_for_Insignificant,""Five Billion" – 4:10","Track listing","Nth S is"
1404,https://en.wikipedia.org/wiki/%22I%22_is_for_Innocent,"^","References","Nth S is"
1405,https://en.wikipedia.org/wiki/%22I%22_is_for_Innocent,"Paul, Steve (May 11, 1992). "","References","is"
1406,https://en.wikipedia.org/wiki/%22I%22_is_for_Innocent,"'N Is for Novelist,' not mystery writer Sue Grafton has arrived, thanks to Kinsey Millhone".","References","is"
1407,https://en.wikipedia.org/wiki/%22I%22_is_for_Innocent,"The Kansas City Star.","References","is"
1408,https://en.wikipedia.org/wiki/%22I%22_is_for_Innocent,"p. D1.","References","is"
1409,https://en.wikipedia.org/wiki/%22I%22_is_for_Innocent,"^","References","is"
1410,https://en.wikipedia.org/wiki/%22I%22_is_for_Innocent,"Jester, Art (June 9, 1991).","References","is"
1411,https://en.wikipedia.org/wiki/%22I%22_is_for_Innocent,""Sue Grafton is a Writer Kentucky Will Want to Claim".","References","is"
1412,https://en.wikipedia.org/wiki/%22I%22_is_for_Innocent,"Lexington Herald-Leader.","References","is"
1413,https://en.wikipedia.org/wiki/%22I%22_is_for_Innocent,"p. F6.","References","is"
1414,https://en.wikipedia.org/wiki/%22I%22_is_for_Innocent,"^","References","is"
1415,https://en.wikipedia.org/wiki/%22I%22_is_for_Innocent,"Stassel, Stephanie (April 3, 2000).","References","is"
1416,https://en.wikipedia.org/wiki/%22I%22_is_for_Innocent,""Southern California's Intrepid Alphabet Sleuth; Sue Grafton's bestselling mysteries--each titled with a different letter--feature her smart-alecky but down-to-earth alter ego, Kinsey Millhone".","References","is"
1417,https://en.wikipedia.org/wiki/%22I%22_is_for_Innocent,"Los Angeles Times.","References","is"
1418,https://en.wikipedia.org/wiki/%22I%22_is_for_Innocent,"p. E1.","References","is"
1419,https://en.wikipedia.org/wiki/%22I%22_is_for_Innocent,"^","References","is"
1420,https://en.wikipedia.org/wiki/%22I%22_is_for_Innocent,"Lochte, Dick (May 10, 1992).","References","is"
1421,https://en.wikipedia.org/wiki/%22I%22_is_for_Innocent,""When the Dick Is a Dame; 'I' Is for Innocent by Sue Grafton".","References","is"
1422,https://en.wikipedia.org/wiki/%22I%22_is_for_Innocent,"Los Angeles Times.","References","is"
1423,https://en.wikipedia.org/wiki/%22I%22_is_for_Innocent,"p. 2.","References","is"
1424,https://en.wikipedia.org/wiki/%22IEEE_1680%22,"1680.1 – Standard for the environmental and social responsibility assessment of computers, tablets and monitors.","As of April 2020, the 1680 family of standards consists of:","consist of"
1425,https://en.wikipedia.org/wiki/%22IEEE_1680%22,"1680.2 – Standard for the environmental assessment of Imaging Equipment (printers, copiers, scanners, fax machines, multifunction devices...).","As of April 2020, the 1680 family of standards consists of:","consist of"
1426,https://en.wikipedia.org/wiki/%22IEEE_1680%22,"1680.3 – Standard for the environmental assessment of televisions.","As of April 2020, the 1680 family of standards consists of:","consist of"
1427,https://en.wikipedia.org/wiki/%22I_Luv_You_HB%22_Demos,"I Luv U Honeybear","Track listing","Nth S is"
1428,https://en.wikipedia.org/wiki/%22I_Luv_You_HB%22_Demos,"Chateau/First Time","Track listing","Nth S is"
1429,https://en.wikipedia.org/wiki/%22I_Luv_You_HB%22_Demos,"True Affection","Track listing","Nth S is"
1430,https://en.wikipedia.org/wiki/%22I_Luv_You_HB%22_Demos,"Smiling/Astride Me","Track listing","Nth S is"
1431,https://en.wikipedia.org/wiki/%22I_Luv_You_HB%22_Demos,"Strange Encounter","Track listing","Nth S is"
1432,https://en.wikipedia.org/wiki/%22I_Luv_You_HB%22_Demos,""Past Is A Nightmare I'm Trying To Wake Up From"","Track listing","Nth S is"
1433,https://en.wikipedia.org/wiki/%22I_Luv_You_HB%22_Demos,"Bored In The USA","Track listing","Nth S is"
1434,https://en.wikipedia.org/wiki/%22I_Luv_You_HB%22_Demos,"Went To The Store","Track listing","Nth S is"
1435,https://en.wikipedia.org/wiki/%22I_Luv_You_HB%22_Demos,"Nobody's Nixon (Cass McCombs)","Track listing","Nth S is"
1436,https://en.wikipedia.org/wiki/%22Illyrian%22_type_helmet,"^","ReferencesNotes","is"
1437,https://en.wikipedia.org/wiki/%22Illyrian%22_type_helmet,"Naming conventions and typology of ancient helmets are of modern origin and do not reflect contemporaneous usage.","ReferencesNotes","is"
1438,https://en.wikipedia.org/wiki/%22Illyrian%22_type_helmet,"( Connolly 1998 , p. 60: "Terms such as 'Illyrian' and 'Attic' are used in archaeology for convenience to denote a particular type of helmet and do not imply its origin.")","ReferencesNotes","is"
1439,https://en.wikipedia.org/wiki/%22In_Defense_of_Transracialism%22_controversy,"^Hypatia: "When an essay is submitted to Hypatia, the editors do an initial review to determine that it is appropriate for the journal; fewer than 10% of manuscripts are declined at this stage and only when two local board members concur.","See alsoReferencesNotes","is"
1440,https://en.wikipedia.org/wiki/%22In_Defense_of_Transracialism%22_controversy,"Drawing on Hypatia","See alsoReferencesNotes","is"
1441,https://en.wikipedia.org/wiki/%22In_Defense_of_Transracialism%22_controversy,"'s extensive referee database, the editors then identify two reviewers with expertise appropriate to the essay and invite them to provide a detailed report on the manuscript and their recommendation for editorial decision.","See alsoReferencesNotes","is"
1442,https://en.wikipedia.org/wiki/%22In_Defense_of_Transracialism%22_controversy,"If the referees disagree in their assessment, the editors may request an additional report from a third reviewer.","See alsoReferencesNotes","is"
1443,https://en.wikipedia.org/wiki/%22In_Defense_of_Transracialism%22_controversy,"... We make every effort to ensure the anonymity of both authors and referees.","See alsoReferencesNotes","is"
1444,https://en.wikipedia.org/wiki/%22In_Defense_of_Transracialism%22_controversy,": "When an essay is submitted to Hypatia, the editors do an initial review to determine that it is appropriate for the journal; fewer than 10% of manuscripts are declined at this stage and only when two local board members concur.","See alsoReferencesNotes","is"
1445,https://en.wikipedia.org/wiki/%22In_Defense_of_Transracialism%22_controversy,"Drawing ons extensive referee database, the editors then identify two reviewers with expertise appropriate to the essay and invite them to provide a detailed report on the manuscript and their recommendation for editorial decision.","See alsoReferencesNotes","is"
1446,https://en.wikipedia.org/wiki/%22In_Defense_of_Transracialism%22_controversy,"If the referees disagree in their assessment, the editors may request an additional report from a third reviewer.","See alsoReferencesNotes","is"
1447,https://en.wikipedia.org/wiki/%22In_Defense_of_Transracialism%22_controversy,"... We make every effort to ensure the anonymity of both authors and referees.","See alsoReferencesNotes","is"
1448,https://en.wikipedia.org/wiki/%22In_Defense_of_Transracialism%22_controversy,"^","See alsoReferencesNotes","is"
1449,https://en.wikipedia.org/wiki/%22In_Defense_of_Transracialism%22_controversy,"Berenstain said that the term "violence" referred to "structural violence", which she described as "a range of systemic harms that go beyond direct interpersonal physical contact".","See alsoReferencesNotes","is"
1450,https://en.wikipedia.org/wiki/%22In_Defense_of_Transracialism%22_controversy,"^Caitlyn Jenner (2017): "Transgender guidelines suggest that I no longer be referred to as Bruce in any circumstance.","See alsoReferencesNotes","is"
1451,https://en.wikipedia.org/wiki/%22In_Defense_of_Transracialism%22_controversy,"Here are my guidelines: I will refer to the name Bruce when I think it appropriate and the name Caitlyn when I think it appropriate.","See alsoReferencesNotes","is"
1452,https://en.wikipedia.org/wiki/%22In_Defense_of_Transracialism%22_controversy,"Bruce existed for sixty-five years, and Caitlyn is just going on her second birthday.","See alsoReferencesNotes","is"
1453,https://en.wikipedia.org/wiki/%22In_Defense_of_Transracialism%22_controversy,"That's the reality."","See alsoReferencesNotes","is"
1454,https://en.wikipedia.org/wiki/%22In_Defense_of_Transracialism%22_controversy,"^","See alsoReferencesNotes","is"
1455,https://en.wikipedia.org/wiki/%22In_Defense_of_Transracialism%22_controversy,"Tuvel (2017): "Charles Mills identifies at least five categories generally relevant to the determination of racial membership, including "self-awareness of ancestry, public awareness of ancestry, culture, experience, and self-identification" (Mills 1998, 50).","See alsoReferencesNotes","is"
1456,https://en.wikipedia.org/wiki/%22In_Defense_of_Transracialism%22_controversy,"If ancestry is a less emphasized feature in some places (for example, in Brazil), then Dolezal's exposure to black culture, experience living as someone read as black, and her self-identification could be sufficient to deem she is black in those places.","See alsoReferencesNotes","is"
1457,https://en.wikipedia.org/wiki/%22In_Defense_of_Transracialism%22_controversy,"And because there is no fact of the matter about her 'actual' race from a genetic standpoint, these features of Dolezal's experience would be decisive for determining her race in that particular context.","See alsoReferencesNotes","is"
1458,https://en.wikipedia.org/wiki/%22In_Defense_of_Transracialism%22_controversy,"The crucial point here is that no 'truth' about Dolezal's 'real' race would be violated."","See alsoReferencesNotes","is"
1459,https://en.wikipedia.org/wiki/%22In_Defense_of_Transracialism%22_controversy,"^Sally J. Scholz (6 May 2017): "As Editor of an academic journal that espouses pluralism and diversity, I believe that Hypatia should publish on a wide array of topics employing a wide array of methodologies.","See alsoReferencesNotes","is"
1460,https://en.wikipedia.org/wiki/%22In_Defense_of_Transracialism%22_controversy,"I believe that a community of scholars should contest concepts and engage in dialogue within the pages of the journal to advance our collective project of educating—students and ourselves.","See alsoReferencesNotes","is"
1461,https://en.wikipedia.org/wiki/%22In_Defense_of_Transracialism%22_controversy,"I believe that an academic journal is not a blog or a discussion board.","See alsoReferencesNotes","is"
1462,https://en.wikipedia.org/wiki/%22In_Defense_of_Transracialism%22_controversy,""I firmly believe, and this belief will not waver, that it is utterly inappropriate for editors to repudiate an article they have accepted for publication (barring issues of plagiarism or falsification of data).","See alsoReferencesNotes","is"
1463,https://en.wikipedia.org/wiki/%22In_Defense_of_Transracialism%22_controversy,"In this respect, editors must stand behind the authors of accepted papers.","See alsoReferencesNotes","is"
1464,https://en.wikipedia.org/wiki/%22In_Defense_of_Transracialism%22_controversy,"That is where I stand.","See alsoReferencesNotes","is"
1465,https://en.wikipedia.org/wiki/%22In_Defense_of_Transracialism%22_controversy,"Professor Tuvel's paper went through the peer review process and was accepted by the reviewers and by me.","See alsoReferencesNotes","is"
1466,https://en.wikipedia.org/wiki/%22In_Defense_of_Transracialism%22_controversy,""I firmly believe, and this belief will not waver, that it is utterly inappropriate for editors to repudiate an article they have accepted for publication (barring issues of plagiarism or falsification of data).","See alsoReferencesNotes","is"
1467,https://en.wikipedia.org/wiki/%22In_Defense_of_Transracialism%22_controversy,"In this respect, editors must stand behind the authors of accepted papers.","See alsoReferencesNotes","is"
1468,https://en.wikipedia.org/wiki/%22In_Defense_of_Transracialism%22_controversy,"That is where I stand.","See alsoReferencesNotes","is"
1469,https://en.wikipedia.org/wiki/%22In_Defense_of_Transracialism%22_controversy,"Professor Tuvel's paper went through the peer review process and was accepted by the reviewers and by me.","See alsoReferencesNotes","is"
1470,https://en.wikipedia.org/wiki/%22In_Defense_of_Transracialism%22_controversy," "The Associate Editorial board acted independently in drafting and posting their statement.","See alsoReferencesNotes","is"
1471,https://en.wikipedia.org/wiki/%22In_Defense_of_Transracialism%22_controversy,"That board is a policy board and plays no role in the day to day management of the Journal.","See alsoReferencesNotes","is"
1472,https://en.wikipedia.org/wiki/%22In_Defense_of_Transracialism%22_controversy,""The Associate Editorial board acted independently in drafting and posting their statement.","See alsoReferencesNotes","is"
1473,https://en.wikipedia.org/wiki/%22In_Defense_of_Transracialism%22_controversy,"That board is a policy board and plays no role in the day to day management of the Journal.","See alsoReferencesNotes","is"
1474,https://en.wikipedia.org/wiki/%22In_Defense_of_Transracialism%22_controversy," "Since April 30, I have been working with the publisher, Wiley, to respond responsibly and appropriately.","See alsoReferencesNotes","is"
1475,https://en.wikipedia.org/wiki/%22In_Defense_of_Transracialism%22_controversy,"We have consulted with the corporation which owns Hypatia and, together, we are proceeding to refer the situation to Committee on Publication Ethics (COPE) for guidance.","See alsoReferencesNotes","is"
1476,https://en.wikipedia.org/wiki/%22In_Defense_of_Transracialism%22_controversy,""","See alsoReferencesNotes","is"
1477,https://en.wikipedia.org/wiki/%22In_Defense_of_Transracialism%22_controversy,""Since April 30, I have been working with the publisher, Wiley, to respond responsibly and appropriately.","See alsoReferencesNotes","is"
1478,https://en.wikipedia.org/wiki/%22In_Defense_of_Transracialism%22_controversy,"We have consulted with the corporation which ownsand, together, we are proceeding to refer the situation to Committee on Publication Ethics (COPE) for guidance."","See alsoReferencesNotes","is"
1479,https://en.wikipedia.org/wiki/%22International%22_Mormon,"Those who have been baptized and confirmed.","The LDS Church defines membership as:","define"
1480,https://en.wikipedia.org/wiki/%22International%22_Mormon,"Those under age nine who have been blessed but not baptized.","The LDS Church defines membership as:","define"
1481,https://en.wikipedia.org/wiki/%22International%22_Mormon,"Those who are not accountable because of intellectual disabilities, regardless of age.","The LDS Church defines membership as:","define"
1482,https://en.wikipedia.org/wiki/%22International%22_Mormon,"Unblessed children under age eight when:","The LDS Church defines membership as:","define"
1483,https://en.wikipedia.org/wiki/%22International%22_Mormon,"Two member parents request it; or","The LDS Church defines membership as:","define"
1484,https://en.wikipedia.org/wiki/%22International%22_Mormon,"One member parent requests it and the nonmember parent gives permission.","The LDS Church defines membership as:","define"
1485,https://en.wikipedia.org/wiki/%22Isis%22_of_the_Suebi,"^","Notes","is"
1486,https://en.wikipedia.org/wiki/%22Isis%22_of_the_Suebi,"Stuart (1916:5).","Notes","is"
1487,https://en.wikipedia.org/wiki/%22Isis%22_of_the_Suebi,"^","Notes","is"
1488,https://en.wikipedia.org/wiki/%22Isis%22_of_the_Suebi,"Birley (1999:42).","Notes","is"
1489,https://en.wikipedia.org/wiki/%22Isis%22_of_the_Suebi,"^","Notes","is"
1490,https://en.wikipedia.org/wiki/%22Isis%22_of_the_Suebi,"Rives (1999); page number not provided in text.","Notes","is"
1491,https://en.wikipedia.org/wiki/%22Isis%22_of_the_Suebi,"^","Notes","is"
1492,https://en.wikipedia.org/wiki/%22Isis%22_of_the_Suebi,"Rives (1999) footnote number 27.","Notes","is"
1493,https://en.wikipedia.org/wiki/%22Isis%22_of_the_Suebi,"Page number not provided in text.","Notes","is"
1494,https://en.wikipedia.org/wiki/%22Isis%22_of_the_Suebi,"^","Notes","is"
1495,https://en.wikipedia.org/wiki/%22Isis%22_of_the_Suebi,"Hopkins and Haukur (2012:14-17).","Notes","is"
1496,https://en.wikipedia.org/wiki/%22Je_t%27aime_No._IV%22,"^","References","is"
1497,https://en.wikipedia.org/wiki/%22Je_t%27aime_No._IV%22,"Little, Stephen (2004).","References","is"
1498,https://en.wikipedia.org/wiki/%22Je_t%27aime_No._IV%22,"-Isms : Understanding Art.","References","is"
1499,https://en.wikipedia.org/wiki/%22Je_t%27aime_No._IV%22,"New York: Universe.","References","is"
1500,https://en.wikipedia.org/wiki/%22Je_t%27aime_No._IV%22,"p. 122.","References","is"
1501,https://en.wikipedia.org/wiki/%22Je_t%27aime_No._IV%22,"^","References","is"
1502,https://en.wikipedia.org/wiki/%22Je_t%27aime_No._IV%22,"Fineberg, Jonathan David (1995).","References","is"
1503,https://en.wikipedia.org/wiki/%22Je_t%27aime_No._IV%22,"Art Since 1940 : Strategies of Being.","References","is"
1504,https://en.wikipedia.org/wiki/%22Je_t%27aime_No._IV%22,"New York: Abrams.","References","is"
1505,https://en.wikipedia.org/wiki/%22Je_t%27aime_No._IV%22,"p. 71.","References","is"
1506,https://en.wikipedia.org/wiki/%22Je_t%27aime_No._IV%22,"abcde","References","is"
1507,https://en.wikipedia.org/wiki/%22Je_t%27aime_No._IV%22,"Arnason, H. H. (1982).","References","is"
1508,https://en.wikipedia.org/wiki/%22Je_t%27aime_No._IV%22,"Robert Motherwell.","References","is"
1509,https://en.wikipedia.org/wiki/%22Je_t%27aime_No._IV%22,"New York: Abrams.","References","is"
1510,https://en.wikipedia.org/wiki/%22Je_t%27aime_No._IV%22,"pp.","References","is"
1511,https://en.wikipedia.org/wiki/%22Je_t%27aime_No._IV%22,"37–38.","References","is"
